path_rel,size_bytes,mtime_ns,ext
itch/archives/Monster Mega Pack 1-100 by BattleInkMaps (2).zip,379018284,1775789709952983600,zip
itch/archives/Monster Mega Pack 101-200 (2).zip,337964176,1775789716111714300,zip
itch/archives/Wild_Monster_Pack_BattleInkMaps.zip,321359454,1775789723199840500,zip
itch/archives/Monsters Mega Pack 201-300.zip,297612489,1775789719249514300,zip
imports/raw/more_assets/free-audio-asset-collection-c284ae24e483/Free Audio Asset Collection/Hole_Where_The_Head_Used_To_Be.wav,154473074,1622232378000000000,wav
imports/root-drop/archives/rpgmaker/visustella/VisuMZ_Sample_Game_Project.zip,133356825,1775784383973292000,zip
itch/archives/elements_char_expansion2_6.24.25.zip,121580571,1775791567455682600,zip
itch/archives/Time_Elements_2.0.zip,119037685,1775791378820506900,zip
third_party/itch-assets/packs-by-category/ui/fantasy-platformer-game-ui/PSD/17Icons.psd,105418536,1776320206700996000,psd
third_party/itch-assets/packs/fantasy-platformer-game-ui/PSD/17Icons.psd,105418536,1593190198000000000,psd
