"Source","Destination","Action"
"F:\stuff from desktop\URPG - RPG Game Maker\CGMZ_DropTables.zip","F:\stuff from desktop\URPG - RPG Game Maker\imports\root-drop\archives\rpgmaker\cgmz\CGMZ_DropTables.zip","MOVED"
"F:\stuff from desktop\URPG - RPG Game Maker\CGMZ_PixiFilters.zip","F:\stuff from desktop\URPG - RPG Game Maker\imports\root-drop\archives\rpgmaker\cgmz\CGMZ_PixiFilters.zip","MOVED"
"F:\stuff from desktop\URPG - RPG Game Maker\CGMZ-Achievements.zip","F:\stuff from desktop\URPG - RPG Game Maker\imports\root-drop\archives\rpgmaker\cgmz\CGMZ-Achievements.zip","MOVED"
"F:\stuff from desktop\URPG - RPG Game Maker\CGMZ-BattleResultEvents.zip","F:\stuff from desktop\URPG - RPG Game Maker\imports\root-drop\archives\rpgmaker\cgmz\CGMZ-BattleResultEvents.zip","MOVED"
"F:\stuff from desktop\URPG - RPG Game Maker\CGMZ-Changelog.zip","F:\stuff from desktop\URPG - RPG Game Maker\imports\root-drop\archives\rpgmaker\cgmz\CGMZ-Changelog.zip","MOVED"
"F:\stuff from desktop\URPG - RPG Game Maker\CGMZ-Core.zip","F:\stuff from desktop\URPG - RPG Game Maker\imports\root-drop\archives\rpgmaker\cgmz\CGMZ-Core.zip","MOVED"
"F:\stuff from desktop\URPG - RPG Game Maker\CGMZ-Crafting.zip","F:\stuff from desktop\URPG - RPG Game Maker\imports\root-drop\archives\rpgmaker\cgmz\CGMZ-Crafting.zip","MOVED"
"F:\stuff from desktop\URPG - RPG Game Maker\CGMZ-Credits.zip","F:\stuff from desktop\URPG - RPG Game Maker\imports\root-drop\archives\rpgmaker\cgmz\CGMZ-Credits.zip","MOVED"
"F:\stuff from desktop\URPG - RPG Game Maker\CGMZ-Difficulty.zip","F:\stuff from desktop\URPG - RPG Game Maker\imports\root-drop\archives\rpgmaker\cgmz\CGMZ-Difficulty.zip","MOVED"
"F:\stuff from desktop\URPG - RPG Game Maker\CGMZ-Encyclopedia.zip","F:\stuff from desktop\URPG - RPG Game Maker\imports\root-drop\archives\rpgmaker\cgmz\CGMZ-Encyclopedia.zip","MOVED"
"F:\stuff from desktop\URPG - RPG Game Maker\CGMZ-EquipCommandWindow.zip","F:\stuff from desktop\URPG - RPG Game Maker\imports\root-drop\archives\rpgmaker\cgmz\CGMZ-EquipCommandWindow.zip","MOVED"
"F:\stuff from desktop\URPG - RPG Game Maker\CGMZ-ExitToDesktop.zip","F:\stuff from desktop\URPG - RPG Game Maker\imports\root-drop\archives\rpgmaker\cgmz\CGMZ-ExitToDesktop.zip","MOVED"
"F:\stuff from desktop\URPG - RPG Game Maker\CGMZ-ExtraStats.zip","F:\stuff from desktop\URPG - RPG Game Maker\imports\root-drop\archives\rpgmaker\cgmz\CGMZ-ExtraStats.zip","MOVED"
"F:\stuff from desktop\URPG - RPG Game Maker\CGMZ-FastTravel.zip","F:\stuff from desktop\URPG - RPG Game Maker\imports\root-drop\archives\rpgmaker\cgmz\CGMZ-FastTravel.zip","MOVED"
"F:\stuff from desktop\URPG - RPG Game Maker\CGMZ-GameEndWindow.zip","F:\stuff from desktop\URPG - RPG Game Maker\imports\root-drop\archives\rpgmaker\cgmz\CGMZ-GameEndWindow.zip","MOVED"
"F:\stuff from desktop\URPG - RPG Game Maker\CGMZ-GameInfo.zip","F:\stuff from desktop\URPG - RPG Game Maker\imports\root-drop\archives\rpgmaker\cgmz\CGMZ-GameInfo.zip","MOVED"
"F:\stuff from desktop\URPG - RPG Game Maker\CGMZ-GameOver.zip","F:\stuff from desktop\URPG - RPG Game Maker\imports\root-drop\archives\rpgmaker\cgmz\CGMZ-GameOver.zip","MOVED"
"F:\stuff from desktop\URPG - RPG Game Maker\CGMZ-GlobalData.zip","F:\stuff from desktop\URPG - RPG Game Maker\imports\root-drop\archives\rpgmaker\cgmz\CGMZ-GlobalData.zip","MOVED"
"F:\stuff from desktop\URPG - RPG Game Maker\CGMZ-Holidays.zip","F:\stuff from desktop\URPG - RPG Game Maker\imports\root-drop\archives\rpgmaker\cgmz\CGMZ-Holidays.zip","MOVED"
"F:\stuff from desktop\URPG - RPG Game Maker\CGMZ-Idle.zip","F:\stuff from desktop\URPG - RPG Game Maker\imports\root-drop\archives\rpgmaker\cgmz\CGMZ-Idle.zip","MOVED"
"F:\stuff from desktop\URPG - RPG Game Maker\CGMZ-InfiniteBalloons.zip","F:\stuff from desktop\URPG - RPG Game Maker\imports\root-drop\archives\rpgmaker\cgmz\CGMZ-InfiniteBalloons.zip","MOVED"
"F:\stuff from desktop\URPG - RPG Game Maker\CGMZ-InfiniteColors.zip","F:\stuff from desktop\URPG - RPG Game Maker\imports\root-drop\archives\rpgmaker\cgmz\CGMZ-InfiniteColors.zip","MOVED"
"F:\stuff from desktop\URPG - RPG Game Maker\CGMZ-ItchIOBuyLink.zip","F:\stuff from desktop\URPG - RPG Game Maker\imports\root-drop\archives\rpgmaker\cgmz\CGMZ-ItchIOBuyLink.zip","MOVED"
"F:\stuff from desktop\URPG - RPG Game Maker\CGMZ-ItemConditions.zip","F:\stuff from desktop\URPG - RPG Game Maker\imports\root-drop\archives\rpgmaker\cgmz\CGMZ-ItemConditions.zip","MOVED"
"F:\stuff from desktop\URPG - RPG Game Maker\CGMZ-MenuCommandWindow.zip","F:\stuff from desktop\URPG - RPG Game Maker\imports\root-drop\archives\rpgmaker\cgmz\CGMZ-MenuCommandWindow.zip","MOVED"
"F:\stuff from desktop\URPG - RPG Game Maker\CGMZ-MenuTheme.zip","F:\stuff from desktop\URPG - RPG Game Maker\imports\root-drop\archives\rpgmaker\cgmz\CGMZ-MenuTheme.zip","MOVED"
"F:\stuff from desktop\URPG - RPG Game Maker\CGMZ-NumPad.zip","F:\stuff from desktop\URPG - RPG Game Maker\imports\root-drop\archives\rpgmaker\cgmz\CGMZ-NumPad.zip","MOVED"
"F:\stuff from desktop\URPG - RPG Game Maker\CGMZ-PluginCommands.zip","F:\stuff from desktop\URPG - RPG Game Maker\imports\root-drop\archives\rpgmaker\cgmz\CGMZ-PluginCommands.zip","MOVED"
"F:\stuff from desktop\URPG - RPG Game Maker\CGMZ-Professions.zip","F:\stuff from desktop\URPG - RPG Game Maker\imports\root-drop\archives\rpgmaker\cgmz\CGMZ-Professions.zip","MOVED"
"F:\stuff from desktop\URPG - RPG Game Maker\CGMZ-SaveFile.zip","F:\stuff from desktop\URPG - RPG Game Maker\imports\root-drop\archives\rpgmaker\cgmz\CGMZ-SaveFile.zip","MOVED"
"F:\stuff from desktop\URPG - RPG Game Maker\CGMZ-Screenshots.zip","F:\stuff from desktop\URPG - RPG Game Maker\imports\root-drop\archives\rpgmaker\cgmz\CGMZ-Screenshots.zip","MOVED"
"F:\stuff from desktop\URPG - RPG Game Maker\CGMZ-ShopCommandWindow.zip","F:\stuff from desktop\URPG - RPG Game Maker\imports\root-drop\archives\rpgmaker\cgmz\CGMZ-ShopCommandWindow.zip","MOVED"
"F:\stuff from desktop\URPG - RPG Game Maker\CGMZ-SkillConditions.zip","F:\stuff from desktop\URPG - RPG Game Maker\imports\root-drop\archives\rpgmaker\cgmz\CGMZ-SkillConditions.zip","MOVED"
"F:\stuff from desktop\URPG - RPG Game Maker\CGMZ-SkillShop.zip","F:\stuff from desktop\URPG - RPG Game Maker\imports\root-drop\archives\rpgmaker\cgmz\CGMZ-SkillShop.zip","MOVED"
"F:\stuff from desktop\URPG - RPG Game Maker\CGMZ-SoundIDs.zip","F:\stuff from desktop\URPG - RPG Game Maker\imports\root-drop\archives\rpgmaker\cgmz\CGMZ-SoundIDs.zip","MOVED"
"F:\stuff from desktop\URPG - RPG Game Maker\CGMZ-SplashScreen.zip","F:\stuff from desktop\URPG - RPG Game Maker\imports\root-drop\archives\rpgmaker\cgmz\CGMZ-SplashScreen.zip","MOVED"
"F:\stuff from desktop\URPG - RPG Game Maker\CGMZ-SystemSettings.zip","F:\stuff from desktop\URPG - RPG Game Maker\imports\root-drop\archives\rpgmaker\cgmz\CGMZ-SystemSettings.zip","MOVED"
"F:\stuff from desktop\URPG - RPG Game Maker\CGMZ-TitleCommandWindow.zip","F:\stuff from desktop\URPG - RPG Game Maker\imports\root-drop\archives\rpgmaker\cgmz\CGMZ-TitleCommandWindow.zip","MOVED"
"F:\stuff from desktop\URPG - RPG Game Maker\CGMZ-TitleSystem.zip","F:\stuff from desktop\URPG - RPG Game Maker\imports\root-drop\archives\rpgmaker\cgmz\CGMZ-TitleSystem.zip","MOVED"
"F:\stuff from desktop\URPG - RPG Game Maker\CGMZ-ToastManager.zip","F:\stuff from desktop\URPG - RPG Game Maker\imports\root-drop\archives\rpgmaker\cgmz\CGMZ-ToastManager.zip","MOVED"
"F:\stuff from desktop\URPG - RPG Game Maker\CGMZ-UnlimitedEventConditions.zip","F:\stuff from desktop\URPG - RPG Game Maker\imports\root-drop\archives\rpgmaker\cgmz\CGMZ-UnlimitedEventConditions.zip","MOVED"
"F:\stuff from desktop\URPG - RPG Game Maker\CGMZ-VehicleEncounters.zip","F:\stuff from desktop\URPG - RPG Game Maker\imports\root-drop\archives\rpgmaker\cgmz\CGMZ-VehicleEncounters.zip","MOVED"
"F:\stuff from desktop\URPG - RPG Game Maker\CGMZ-VehicleInteriors.zip","F:\stuff from desktop\URPG - RPG Game Maker\imports\root-drop\archives\rpgmaker\cgmz\CGMZ-VehicleInteriors.zip","MOVED"
"F:\stuff from desktop\URPG - RPG Game Maker\CGMZ-VehicleLandingRestrictions.zip","F:\stuff from desktop\URPG - RPG Game Maker\imports\root-drop\archives\rpgmaker\cgmz\CGMZ-VehicleLandingRestrictions.zip","MOVED"
"F:\stuff from desktop\URPG - RPG Game Maker\VisuMZ_Sample_Game_Project.zip","F:\stuff from desktop\URPG - RPG Game Maker\imports\root-drop\archives\rpgmaker\visustella\VisuMZ_Sample_Game_Project.zip","MOVED"
"F:\stuff from desktop\URPG - RPG Game Maker\AseGitv0.8.1.zip","F:\stuff from desktop\URPG - RPG Game Maker\imports\root-drop\archives\aseprite\AseGitv0.8.1.zip","MOVED"
"F:\stuff from desktop\URPG - RPG Game Maker\game-button-ui.zip","F:\stuff from desktop\URPG - RPG Game Maker\imports\root-drop\archives\ui\game-button-ui.zip","MOVED"
"F:\stuff from desktop\URPG - RPG Game Maker\itch\!breakable_TF_3x.png","F:\stuff from desktop\URPG - RPG Game Maker\imports\raw\itch_assets\loose\!breakable_TF_3x.png","MOVED"
"F:\stuff from desktop\URPG - RPG Game Maker\itch\!tf_insidebelly_tentacle_3.png","F:\stuff from desktop\URPG - RPG Game Maker\imports\raw\itch_assets\loose\!tf_insidebelly_tentacle_3.png","MOVED"
"F:\stuff from desktop\URPG - RPG Game Maker\itch\(DEMO) Lords Of Pain - Old School Isometric Assets.zip","F:\stuff from desktop\URPG - RPG Game Maker\itch\archives\(DEMO) Lords Of Pain - Old School Isometric Assets.zip","MOVED"
"F:\stuff from desktop\URPG - RPG Game Maker\itch\100_rpg_ui_sfx.zip","F:\stuff from desktop\URPG - RPG Game Maker\itch\archives\100_rpg_ui_sfx.zip","MOVED"
"F:\stuff from desktop\URPG - RPG Game Maker\itch\2017patronbundle.zip","F:\stuff from desktop\URPG - RPG Game Maker\itch\archives\2017patronbundle.zip","MOVED"
"F:\stuff from desktop\URPG - RPG Game Maker\itch\2023patronbundle.zip","F:\stuff from desktop\URPG - RPG Game Maker\itch\archives\2023patronbundle.zip","MOVED"
"F:\stuff from desktop\URPG - RPG Game Maker\itch\485_Icons+Animated.zip","F:\stuff from desktop\URPG - RPG Game Maker\itch\archives\485_Icons+Animated.zip","MOVED"
"F:\stuff from desktop\URPG - RPG Game Maker\itch\airship_baloon_big_e_3.png","F:\stuff from desktop\URPG - RPG Game Maker\imports\raw\itch_assets\loose\airship_baloon_big_e_3.png","MOVED"
"F:\stuff from desktop\URPG - RPG Game Maker\itch\airshipA_3.png","F:\stuff from desktop\URPG - RPG Game Maker\imports\raw\itch_assets\loose\airshipA_3.png","MOVED"
"F:\stuff from desktop\URPG - RPG Game Maker\itch\airshipA_shadow_3.png","F:\stuff from desktop\URPG - RPG Game Maker\imports\raw\itch_assets\loose\airshipA_shadow_3.png","MOVED"
"F:\stuff from desktop\URPG - RPG Game Maker\itch\alien_new_3.png","F:\stuff from desktop\URPG - RPG Game Maker\imports\raw\itch_assets\loose\alien_new_3.png","MOVED"
"F:\stuff from desktop\URPG - RPG Game Maker\itch\animation_slime_effects_3x.png","F:\stuff from desktop\URPG - RPG Game Maker\imports\raw\itch_assets\loose\animation_slime_effects_3x.png","MOVED"
"F:\stuff from desktop\URPG - RPG Game Maker\itch\astronaut_walk_shadow_t_3xf.png","F:\stuff from desktop\URPG - RPG Game Maker\imports\raw\itch_assets\loose\astronaut_walk_shadow_t_3xf.png","MOVED"
"F:\stuff from desktop\URPG - RPG Game Maker\itch\astronaut_walk_tf_3x.png","F:\stuff from desktop\URPG - RPG Game Maker\imports\raw\itch_assets\loose\astronaut_walk_tf_3x.png","MOVED"
"F:\stuff from desktop\URPG - RPG Game Maker\itch\autumnbrush_3.png","F:\stuff from desktop\URPG - RPG Game Maker\imports\raw\itch_assets\loose\autumnbrush_3.png","MOVED"
"F:\stuff from desktop\URPG - RPG Game Maker\itch\babayagahut_charsheet_3.png","F:\stuff from desktop\URPG - RPG Game Maker\imports\raw\itch_assets\loose\babayagahut_charsheet_3.png","MOVED"
"F:\stuff from desktop\URPG - RPG Game Maker\itch\babayagahut_charsheet_shadow_3.png","F:\stuff from desktop\URPG - RPG Game Maker\imports\raw\itch_assets\loose\babayagahut_charsheet_shadow_3.png","MOVED"
"F:\stuff from desktop\URPG - RPG Game Maker\itch\backpax.zip","F:\stuff from desktop\URPG - RPG Game Maker\itch\archives\backpax.zip","MOVED"
"F:\stuff from desktop\URPG - RPG Game Maker\itch\bakery_tiles_3.png","F:\stuff from desktop\URPG - RPG Game Maker\imports\raw\itch_assets\loose\bakery_tiles_3.png","MOVED"
"F:\stuff from desktop\URPG - RPG Game Maker\itch\baking_oven_anim_3x.png","F:\stuff from desktop\URPG - RPG Game Maker\imports\raw\itch_assets\loose\baking_oven_anim_3x.png","MOVED"
"F:\stuff from desktop\URPG - RPG Game Maker\itch\baking_oven_anim_tf_3x.png","F:\stuff from desktop\URPG - RPG Game Maker\imports\raw\itch_assets\loose\baking_oven_anim_tf_3x.png","MOVED"
"F:\stuff from desktop\URPG - RPG Game Maker\itch\bandits_down_A_3x.png","F:\stuff from desktop\URPG - RPG Game Maker\imports\raw\itch_assets\loose\bandits_down_A_3x.png","MOVED"
"F:\stuff from desktop\URPG - RPG Game Maker\itch\bandits_down_B_3x.png","F:\stuff from desktop\URPG - RPG Game Maker\imports\raw\itch_assets\loose\bandits_down_B_3x.png","MOVED"
"F:\stuff from desktop\URPG - RPG Game Maker\itch\bartiles_3.png","F:\stuff from desktop\URPG - RPG Game Maker\imports\raw\itch_assets\loose\bartiles_3.png","MOVED"
"F:\stuff from desktop\URPG - RPG Game Maker\itch\base_anim_axeswing_3.png","F:\stuff from desktop\URPG - RPG Game Maker\imports\raw\itch_assets\loose\base_anim_axeswing_3.png","MOVED"
"F:\stuff from desktop\URPG - RPG Game Maker\itch\base_anim_axeswing_emptyhanded_3.png","F:\stuff from desktop\URPG - RPG Game Maker\imports\raw\itch_assets\loose\base_anim_axeswing_emptyhanded_3.png","MOVED"
"F:\stuff from desktop\URPG - RPG Game Maker\itch\base_anim_flinch_3.png","F:\stuff from desktop\URPG - RPG Game Maker\imports\raw\itch_assets\loose\base_anim_flinch_3.png","MOVED"
"F:\stuff from desktop\URPG - RPG Game Maker\itch\base_anim_punch_3.png","F:\stuff from desktop\URPG - RPG Game Maker\imports\raw\itch_assets\loose\base_anim_punch_3.png","MOVED"
"F:\stuff from desktop\URPG - RPG Game Maker\itch\base_climb_3.png","F:\stuff from desktop\URPG - RPG Game Maker\imports\raw\itch_assets\loose\base_climb_3.png","MOVED"
"F:\stuff from desktop\URPG - RPG Game Maker\itch\base_female_single_3.png","F:\stuff from desktop\URPG - RPG Game Maker\imports\raw\itch_assets\loose\base_female_single_3.png","MOVED"
"F:\stuff from desktop\URPG - RPG Game Maker\itch\base_fishing_cast_3.png","F:\stuff from desktop\URPG - RPG Game Maker\imports\raw\itch_assets\loose\base_fishing_cast_3.png","MOVED"
"F:\stuff from desktop\URPG - RPG Game Maker\itch\base_fishing_reel_3.png","F:\stuff from desktop\URPG - RPG Game Maker\imports\raw\itch_assets\loose\base_fishing_reel_3.png","MOVED"
"F:\stuff from desktop\URPG - RPG Game Maker\itch\base_fishing_wait_3.png","F:\stuff from desktop\URPG - RPG Game Maker\imports\raw\itch_assets\loose\base_fishing_wait_3.png","MOVED"
"F:\stuff from desktop\URPG - RPG Game Maker\itch\base_jockey_f_single_3.png","F:\stuff from desktop\URPG - RPG Game Maker\imports\raw\itch_assets\loose\base_jockey_f_single_3.png","MOVED"
"F:\stuff from desktop\URPG - RPG Game Maker\itch\base_jockey_m_single_3.png","F:\stuff from desktop\URPG - RPG Game Maker\imports\raw\itch_assets\loose\base_jockey_m_single_3.png","MOVED"
"F:\stuff from desktop\URPG - RPG Game Maker\itch\base_jump_3.png","F:\stuff from desktop\URPG - RPG Game Maker\imports\raw\itch_assets\loose\base_jump_3.png","MOVED"
"F:\stuff from desktop\URPG - RPG Game Maker\itch\base_run_shadow_3.png","F:\stuff from desktop\URPG - RPG Game Maker\imports\raw\itch_assets\loose\base_run_shadow_3.png","MOVED"
"F:\stuff from desktop\URPG - RPG Game Maker\itch\base_run_shadowless_3.png","F:\stuff from desktop\URPG - RPG Game Maker\imports\raw\itch_assets\loose\base_run_shadowless_3.png","MOVED"
"F:\stuff from desktop\URPG - RPG Game Maker\itch\base_staff_mv.png","F:\stuff from desktop\URPG - RPG Game Maker\imports\raw\itch_assets\loose\base_staff_mv.png","MOVED"
"F:\stuff from desktop\URPG - RPG Game Maker\itch\base_sword_mv.png","F:\stuff from desktop\URPG - RPG Game Maker\imports\raw\itch_assets\loose\base_sword_mv.png","MOVED"
"F:\stuff from desktop\URPG - RPG Game Maker\itch\baseball_capz.zip","F:\stuff from desktop\URPG - RPG Game Maker\itch\archives\baseball_capz.zip","MOVED"
"F:\stuff from desktop\URPG - RPG Game Maker\itch\bat_elf-1_5_sheet_3x.png","F:\stuff from desktop\URPG - RPG Game Maker\imports\raw\itch_assets\loose\bat_elf-1_5_sheet_3x.png","MOVED"
"F:\stuff from desktop\URPG - RPG Game Maker\itch\bathroom_3.png","F:\stuff from desktop\URPG - RPG Game Maker\imports\raw\itch_assets\loose\bathroom_3.png","MOVED"
"F:\stuff from desktop\URPG - RPG Game Maker\itch\bathroom_more_3x.png","F:\stuff from desktop\URPG - RPG Game Maker\imports\raw\itch_assets\loose\bathroom_more_3x.png","MOVED"
"F:\stuff from desktop\URPG - RPG Game Maker\itch\bathroom_sinks_char_3x.png","F:\stuff from desktop\URPG - RPG Game Maker\imports\raw\itch_assets\loose\bathroom_sinks_char_3x.png","MOVED"
"F:\stuff from desktop\URPG - RPG Game Maker\itch\bathroom_tub_char_3x.png","F:\stuff from desktop\URPG - RPG Game Maker\imports\raw\itch_assets\loose\bathroom_tub_char_3x.png","MOVED"
"F:\stuff from desktop\URPG - RPG Game Maker\itch\beast_tribes_2.zip","F:\stuff from desktop\URPG - RPG Game Maker\itch\archives\beast_tribes_2.zip","MOVED"
"F:\stuff from desktop\URPG - RPG Game Maker\itch\beekeeper_3.png","F:\stuff from desktop\URPG - RPG Game Maker\imports\raw\itch_assets\loose\beekeeper_3.png","MOVED"
"F:\stuff from desktop\URPG - RPG Game Maker\itch\beholder-monsters-top-down-pixel-art-sprites.zip","F:\stuff from desktop\URPG - RPG Game Maker\itch\archives\beholder-monsters-top-down-pixel-art-sprites.zip","MOVED"
"F:\stuff from desktop\URPG - RPG Game Maker\itch\bellydancers_3.png","F:\stuff from desktop\URPG - RPG Game Maker\imports\raw\itch_assets\loose\bellydancers_3.png","MOVED"
"F:\stuff from desktop\URPG - RPG Game Maker\itch\berribushes_3.png","F:\stuff from desktop\URPG - RPG Game Maker\imports\raw\itch_assets\loose\berribushes_3.png","MOVED"
"F:\stuff from desktop\URPG - RPG Game Maker\itch\bigbeetlesheet_3.png","F:\stuff from desktop\URPG - RPG Game Maker\imports\raw\itch_assets\loose\bigbeetlesheet_3.png","MOVED"
"F:\stuff from desktop\URPG - RPG Game Maker\itch\bigskullA_3.png","F:\stuff from desktop\URPG - RPG Game Maker\imports\raw\itch_assets\loose\bigskullA_3.png","MOVED"
"F:\stuff from desktop\URPG - RPG Game Maker\itch\bigskullB_3.png","F:\stuff from desktop\URPG - RPG Game Maker\imports\raw\itch_assets\loose\bigskullB_3.png","MOVED"
"F:\stuff from desktop\URPG - RPG Game Maker\itch\bigskullC_3.png","F:\stuff from desktop\URPG - RPG Game Maker\imports\raw\itch_assets\loose\bigskullC_3.png","MOVED"
"F:\stuff from desktop\URPG - RPG Game Maker\itch\bigskullD_3.png","F:\stuff from desktop\URPG - RPG Game Maker\imports\raw\itch_assets\loose\bigskullD_3.png","MOVED"
"F:\stuff from desktop\URPG - RPG Game Maker\itch\bikinibabes_3.png","F:\stuff from desktop\URPG - RPG Game Maker\imports\raw\itch_assets\loose\bikinibabes_3.png","MOVED"
"F:\stuff from desktop\URPG - RPG Game Maker\itch\birds_sitting_3.png","F:\stuff from desktop\URPG - RPG Game Maker\imports\raw\itch_assets\loose\birds_sitting_3.png","MOVED"
"F:\stuff from desktop\URPG - RPG Game Maker\itch\blacksmith_updated_3.png","F:\stuff from desktop\URPG - RPG Game Maker\imports\raw\itch_assets\loose\blacksmith_updated_3.png","MOVED"
"F:\stuff from desktop\URPG - RPG Game Maker\itch\blackswordsman_3x.png","F:\stuff from desktop\URPG - RPG Game Maker\imports\raw\itch_assets\loose\blackswordsman_3x.png","MOVED"
"F:\stuff from desktop\URPG - RPG Game Maker\itch\blockingspikes_3.png","F:\stuff from desktop\URPG - RPG Game Maker\imports\raw\itch_assets\loose\blockingspikes_3.png","MOVED"
"F:\stuff from desktop\URPG - RPG Game Maker\itch\blood3.png","F:\stuff from desktop\URPG - RPG Game Maker\imports\raw\itch_assets\loose\blood3.png","MOVED"
"F:\stuff from desktop\URPG - RPG Game Maker\itch\bobber_3x.png","F:\stuff from desktop\URPG - RPG Game Maker\imports\raw\itch_assets\loose\bobber_3x.png","MOVED"
"F:\stuff from desktop\URPG - RPG Game Maker\itch\bossplant_3.png","F:\stuff from desktop\URPG - RPG Game Maker\imports\raw\itch_assets\loose\bossplant_3.png","MOVED"
"F:\stuff from desktop\URPG - RPG Game Maker\itch\bossplant_tentable_A_3x.png","F:\stuff from desktop\URPG - RPG Game Maker\imports\raw\itch_assets\loose\bossplant_tentable_A_3x.png","MOVED"
"F:\stuff from desktop\URPG - RPG Game Maker\itch\bossplant_tentable_B_3x.png","F:\stuff from desktop\URPG - RPG Game Maker\imports\raw\itch_assets\loose\bossplant_tentable_B_3x.png","MOVED"
"F:\stuff from desktop\URPG - RPG Game Maker\itch\bossplant_tentable_C_3x.png","F:\stuff from desktop\URPG - RPG Game Maker\imports\raw\itch_assets\loose\bossplant_tentable_C_3x.png","MOVED"
"F:\stuff from desktop\URPG - RPG Game Maker\itch\brokenbridge_3.png","F:\stuff from desktop\URPG - RPG Game Maker\imports\raw\itch_assets\loose\brokenbridge_3.png","MOVED"
"F:\stuff from desktop\URPG - RPG Game Maker\itch\bubblebath_tiles_3.png","F:\stuff from desktop\URPG - RPG Game Maker\imports\raw\itch_assets\loose\bubblebath_tiles_3.png","MOVED"
"F:\stuff from desktop\URPG - RPG Game Maker\itch\bushbaby_3x.png","F:\stuff from desktop\URPG - RPG Game Maker\imports\raw\itch_assets\loose\bushbaby_3x.png","MOVED"
"F:\stuff from desktop\URPG - RPG Game Maker\itch\butchershop_3.png","F:\stuff from desktop\URPG - RPG Game Maker\imports\raw\itch_assets\loose\butchershop_3.png","MOVED"
"F:\stuff from desktop\URPG - RPG Game Maker\itch\carved_doorgate_bg_addon_3x.png","F:\stuff from desktop\URPG - RPG Game Maker\imports\raw\itch_assets\loose\carved_doorgate_bg_addon_3x.png","MOVED"
"F:\stuff from desktop\URPG - RPG Game Maker\itch\carved_doorgate_black_e_3x.png","F:\stuff from desktop\URPG - RPG Game Maker\imports\raw\itch_assets\loose\carved_doorgate_black_e_3x.png","MOVED"
"F:\stuff from desktop\URPG - RPG Game Maker\itch\carved_doorgate_wood_e_3x.png","F:\stuff from desktop\URPG - RPG Game Maker\imports\raw\itch_assets\loose\carved_doorgate_wood_e_3x.png","MOVED"
"F:\stuff from desktop\URPG - RPG Game Maker\itch\casting_basea_3.png","F:\stuff from desktop\URPG - RPG Game Maker\imports\raw\itch_assets\loose\casting_basea_3.png","MOVED"
"F:\stuff from desktop\URPG - RPG Game Maker\itch\casting_baseb_3.png","F:\stuff from desktop\URPG - RPG Game Maker\imports\raw\itch_assets\loose\casting_baseb_3.png","MOVED"
"F:\stuff from desktop\URPG - RPG Game Maker\itch\catacombs_p_3x.png","F:\stuff from desktop\URPG - RPG Game Maker\imports\raw\itch_assets\loose\catacombs_p_3x.png","MOVED"
"F:\stuff from desktop\URPG - RPG Game Maker\itch\caveladders3.png","F:\stuff from desktop\URPG - RPG Game Maker\imports\raw\itch_assets\loose\caveladders3.png","MOVED"
"F:\stuff from desktop\URPG - RPG Game Maker\itch\caveladders3b.png","F:\stuff from desktop\URPG - RPG Game Maker\imports\raw\itch_assets\loose\caveladders3b.png","MOVED"
"F:\stuff from desktop\URPG - RPG Game Maker\itch\cellmonsters_3.png","F:\stuff from desktop\URPG - RPG Game Maker\imports\raw\itch_assets\loose\cellmonsters_3.png","MOVED"
"F:\stuff from desktop\URPG - RPG Game Maker\itch\centurion_3x.png","F:\stuff from desktop\URPG - RPG Game Maker\imports\raw\itch_assets\loose\centurion_3x.png","MOVED"
"F:\stuff from desktop\URPG - RPG Game Maker\itch\centurion_shield_3x.png","F:\stuff from desktop\URPG - RPG Game Maker\imports\raw\itch_assets\loose\centurion_shield_3x.png","MOVED"
"F:\stuff from desktop\URPG - RPG Game Maker\itch\chalk-cliffs_3.png","F:\stuff from desktop\URPG - RPG Game Maker\imports\raw\itch_assets\loose\chalk-cliffs_3.png","MOVED"
"F:\stuff from desktop\URPG - RPG Game Maker\itch\chameleon_3x.png","F:\stuff from desktop\URPG - RPG Game Maker\imports\raw\itch_assets\loose\chameleon_3x.png","MOVED"
"F:\stuff from desktop\URPG - RPG Game Maker\itch\Character_.zip","F:\stuff from desktop\URPG - RPG Game Maker\itch\archives\Character_.zip","MOVED"
"F:\stuff from desktop\URPG - RPG Game Maker\itch\chests_8_new_3.png","F:\stuff from desktop\URPG - RPG Game Maker\imports\raw\itch_assets\loose\chests_8_new_3.png","MOVED"
"F:\stuff from desktop\URPG - RPG Game Maker\itch\chocobos_saddle_3.png","F:\stuff from desktop\URPG - RPG Game Maker\imports\raw\itch_assets\loose\chocobos_saddle_3.png","MOVED"
"F:\stuff from desktop\URPG - RPG Game Maker\itch\churchbell_even_3.png","F:\stuff from desktop\URPG - RPG Game Maker\imports\raw\itch_assets\loose\churchbell_even_3.png","MOVED"
"F:\stuff from desktop\URPG - RPG Game Maker\itch\churchbell_wide_3.png","F:\stuff from desktop\URPG - RPG Game Maker\imports\raw\itch_assets\loose\churchbell_wide_3.png","MOVED"
"F:\stuff from desktop\URPG - RPG Game Maker\itch\cloud_tileset.zip","F:\stuff from desktop\URPG - RPG Game Maker\itch\archives\cloud_tileset.zip","MOVED"
"F:\stuff from desktop\URPG - RPG Game Maker\itch\cloudcity_worldmap_3.png","F:\stuff from desktop\URPG - RPG Game Maker\imports\raw\itch_assets\loose\cloudcity_worldmap_3.png","MOVED"
"F:\stuff from desktop\URPG - RPG Game Maker\itch\colosseum_world_3.png","F:\stuff from desktop\URPG - RPG Game Maker\imports\raw\itch_assets\loose\colosseum_world_3.png","MOVED"
"F:\stuff from desktop\URPG - RPG Game Maker\itch\conscript_3x.png","F:\stuff from desktop\URPG - RPG Game Maker\imports\raw\itch_assets\loose\conscript_3x.png","MOVED"
"F:\stuff from desktop\URPG - RPG Game Maker\itch\controller_ui_3.png","F:\stuff from desktop\URPG - RPG Game Maker\imports\raw\itch_assets\loose\controller_ui_3.png","MOVED"
"F:\stuff from desktop\URPG - RPG Game Maker\itch\countertop_addon_e3.png","F:\stuff from desktop\URPG - RPG Game Maker\imports\raw\itch_assets\loose\countertop_addon_e3.png","MOVED"
"F:\stuff from desktop\URPG - RPG Game Maker\itch\cow_idle_3x.png","F:\stuff from desktop\URPG - RPG Game Maker\imports\raw\itch_assets\loose\cow_idle_3x.png","MOVED"
"F:\stuff from desktop\URPG - RPG Game Maker\itch\cow_idle_shadow_3x.png","F:\stuff from desktop\URPG - RPG Game Maker\imports\raw\itch_assets\loose\cow_idle_shadow_3x.png","MOVED"
"F:\stuff from desktop\URPG - RPG Game Maker\itch\cow_walk_3x.png","F:\stuff from desktop\URPG - RPG Game Maker\imports\raw\itch_assets\loose\cow_walk_3x.png","MOVED"
"F:\stuff from desktop\URPG - RPG Game Maker\itch\cow_walk_shadow_3x.png","F:\stuff from desktop\URPG - RPG Game Maker\imports\raw\itch_assets\loose\cow_walk_shadow_3x.png","MOVED"
"F:\stuff from desktop\URPG - RPG Game Maker\itch\crafting-workbench-cartoalch_3.png","F:\stuff from desktop\URPG - RPG Game Maker\imports\raw\itch_assets\loose\crafting-workbench-cartoalch_3.png","MOVED"
"F:\stuff from desktop\URPG - RPG Game Maker\itch\crafting-workbench-tiles_3.png","F:\stuff from desktop\URPG - RPG Game Maker\imports\raw\itch_assets\loose\crafting-workbench-tiles_3.png","MOVED"
"F:\stuff from desktop\URPG - RPG Game Maker\itch\crops_mv.png","F:\stuff from desktop\URPG - RPG Game Maker\imports\raw\itch_assets\loose\crops_mv.png","MOVED"
"F:\stuff from desktop\URPG - RPG Game Maker\itch\cultists_b_3.png","F:\stuff from desktop\URPG - RPG Game Maker\imports\raw\itch_assets\loose\cultists_b_3.png","MOVED"
"F:\stuff from desktop\URPG - RPG Game Maker\itch\cultists_masks_3.png","F:\stuff from desktop\URPG - RPG Game Maker\imports\raw\itch_assets\loose\cultists_masks_3.png","MOVED"
"F:\stuff from desktop\URPG - RPG Game Maker\itch\Cursed-Land-Objects-Pixel-Art-for-RPG-Game.zip","F:\stuff from desktop\URPG - RPG Game Maker\itch\archives\Cursed-Land-Objects-Pixel-Art-for-RPG-Game.zip","MOVED"
"F:\stuff from desktop\URPG - RPG Game Maker\itch\dancerA_single_1_3x.png","F:\stuff from desktop\URPG - RPG Game Maker\imports\raw\itch_assets\loose\dancerA_single_1_3x.png","MOVED"
"F:\stuff from desktop\URPG - RPG Game Maker\itch\dancerB_single_1_3x.png","F:\stuff from desktop\URPG - RPG Game Maker\imports\raw\itch_assets\loose\dancerB_single_1_3x.png","MOVED"
"F:\stuff from desktop\URPG - RPG Game Maker\itch\dancerC_single_1_3x.png","F:\stuff from desktop\URPG - RPG Game Maker\imports\raw\itch_assets\loose\dancerC_single_1_3x.png","MOVED"
"F:\stuff from desktop\URPG - RPG Game Maker\itch\dancerD_single_1_3x.png","F:\stuff from desktop\URPG - RPG Game Maker\imports\raw\itch_assets\loose\dancerD_single_1_3x.png","MOVED"
"F:\stuff from desktop\URPG - RPG Game Maker\itch\demon_3.png","F:\stuff from desktop\URPG - RPG Game Maker\imports\raw\itch_assets\loose\demon_3.png","MOVED"
"F:\stuff from desktop\URPG - RPG Game Maker\itch\demonking_3.png","F:\stuff from desktop\URPG - RPG Game Maker\imports\raw\itch_assets\loose\demonking_3.png","MOVED"
"F:\stuff from desktop\URPG - RPG Game Maker\itch\diag_3.png","F:\stuff from desktop\URPG - RPG Game Maker\imports\raw\itch_assets\loose\diag_3.png","MOVED"
"F:\stuff from desktop\URPG - RPG Game Maker\itch\diagfull_3.png","F:\stuff from desktop\URPG - RPG Game Maker\imports\raw\itch_assets\loose\diagfull_3.png","MOVED"
"F:\stuff from desktop\URPG - RPG Game Maker\itch\dice_sheet_fc_3.png","F:\stuff from desktop\URPG - RPG Game Maker\imports\raw\itch_assets\loose\dice_sheet_fc_3.png","MOVED"
"F:\stuff from desktop\URPG - RPG Game Maker\itch\dotd_skeletonsheet_3.png","F:\stuff from desktop\URPG - RPG Game Maker\imports\raw\itch_assets\loose\dotd_skeletonsheet_3.png","MOVED"
"F:\stuff from desktop\URPG - RPG Game Maker\itch\dragon_big_green_3x.png","F:\stuff from desktop\URPG - RPG Game Maker\imports\raw\itch_assets\loose\dragon_big_green_3x.png","MOVED"
"F:\stuff from desktop\URPG - RPG Game Maker\itch\dragon_big_red_3x.png","F:\stuff from desktop\URPG - RPG Game Maker\imports\raw\itch_assets\loose\dragon_big_red_3x.png","MOVED"
"F:\stuff from desktop\URPG - RPG Game Maker\itch\dragon_world_flying_green_3x.png","F:\stuff from desktop\URPG - RPG Game Maker\imports\raw\itch_assets\loose\dragon_world_flying_green_3x.png","MOVED"
"F:\stuff from desktop\URPG - RPG Game Maker\itch\dragon_world_flying_green_shadow_3x.png","F:\stuff from desktop\URPG - RPG Game Maker\imports\raw\itch_assets\loose\dragon_world_flying_green_shadow_3x.png","MOVED"
"F:\stuff from desktop\URPG - RPG Game Maker\itch\dragon_world_flying_red_3x.png","F:\stuff from desktop\URPG - RPG Game Maker\imports\raw\itch_assets\loose\dragon_world_flying_red_3x.png","MOVED"
"F:\stuff from desktop\URPG - RPG Game Maker\itch\dragon_world_flying_red_shadow_3x.png","F:\stuff from desktop\URPG - RPG Game Maker\imports\raw\itch_assets\loose\dragon_world_flying_red_shadow_3x.png","MOVED"
"F:\stuff from desktop\URPG - RPG Game Maker\itch\dragon_world_grounded_green_3x.png","F:\stuff from desktop\URPG - RPG Game Maker\imports\raw\itch_assets\loose\dragon_world_grounded_green_3x.png","MOVED"
"F:\stuff from desktop\URPG - RPG Game Maker\itch\dragon_world_grounded_red_3x.png","F:\stuff from desktop\URPG - RPG Game Maker\imports\raw\itch_assets\loose\dragon_world_grounded_red_3x.png","MOVED"
"F:\stuff from desktop\URPG - RPG Game Maker\itch\dragonegg_sheet_3.png","F:\stuff from desktop\URPG - RPG Game Maker\imports\raw\itch_assets\loose\dragonegg_sheet_3.png","MOVED"
"F:\stuff from desktop\URPG - RPG Game Maker\itch\dragoonsA_3.png","F:\stuff from desktop\URPG - RPG Game Maker\imports\raw\itch_assets\loose\dragoonsA_3.png","MOVED"
"F:\stuff from desktop\URPG - RPG Game Maker\itch\dragoonsB_3.png","F:\stuff from desktop\URPG - RPG Game Maker\imports\raw\itch_assets\loose\dragoonsB_3.png","MOVED"
"F:\stuff from desktop\URPG - RPG Game Maker\itch\dryad_green_3.png","F:\stuff from desktop\URPG - RPG Game Maker\imports\raw\itch_assets\loose\dryad_green_3.png","MOVED"
"F:\stuff from desktop\URPG - RPG Game Maker\itch\dryad_skin_3.png","F:\stuff from desktop\URPG - RPG Game Maker\imports\raw\itch_assets\loose\dryad_skin_3.png","MOVED"
"F:\stuff from desktop\URPG - RPG Game Maker\itch\e_childrenA_3x.png","F:\stuff from desktop\URPG - RPG Game Maker\imports\raw\itch_assets\loose\e_childrenA_3x.png","MOVED"
"F:\stuff from desktop\URPG - RPG Game Maker\itch\e_childrenA_shadow_3x.png","F:\stuff from desktop\URPG - RPG Game Maker\imports\raw\itch_assets\loose\e_childrenA_shadow_3x.png","MOVED"
"F:\stuff from desktop\URPG - RPG Game Maker\itch\e_childrenB_3x.png","F:\stuff from desktop\URPG - RPG Game Maker\imports\raw\itch_assets\loose\e_childrenB_3x.png","MOVED"
"F:\stuff from desktop\URPG - RPG Game Maker\itch\e_childrenB_shadow_3x.png","F:\stuff from desktop\URPG - RPG Game Maker\imports\raw\itch_assets\loose\e_childrenB_shadow_3x.png","MOVED"
"F:\stuff from desktop\URPG - RPG Game Maker\itch\elem_caveA_A5_3x.png","F:\stuff from desktop\URPG - RPG Game Maker\imports\raw\itch_assets\loose\elem_caveA_A5_3x.png","MOVED"
"F:\stuff from desktop\URPG - RPG Game Maker\itch\elem_caveB_A5_3x.png","F:\stuff from desktop\URPG - RPG Game Maker\imports\raw\itch_assets\loose\elem_caveB_A5_3x.png","MOVED"
"F:\stuff from desktop\URPG - RPG Game Maker\itch\elem_caveC_A5_3x.png","F:\stuff from desktop\URPG - RPG Game Maker\imports\raw\itch_assets\loose\elem_caveC_A5_3x.png","MOVED"
"F:\stuff from desktop\URPG - RPG Game Maker\itch\elem_hood_12722.zip","F:\stuff from desktop\URPG - RPG Game Maker\itch\archives\elem_hood_12722.zip","MOVED"
"F:\stuff from desktop\URPG - RPG Game Maker\itch\elements_char_expansion2_6.24.25.zip","F:\stuff from desktop\URPG - RPG Game Maker\itch\archives\elements_char_expansion2_6.24.25.zip","MOVED"
"F:\stuff from desktop\URPG - RPG Game Maker\itch\elements_char_expansion2_tdsm.zip","F:\stuff from desktop\URPG - RPG Game Maker\itch\archives\elements_char_expansion2_tdsm.zip","MOVED"
"F:\stuff from desktop\URPG - RPG Game Maker\itch\elements_childbase_3.png","F:\stuff from desktop\URPG - RPG Game Maker\imports\raw\itch_assets\loose\elements_childbase_3.png","MOVED"
"F:\stuff from desktop\URPG - RPG Game Maker\itch\elements_childbase_shadow_3.png","F:\stuff from desktop\URPG - RPG Game Maker\imports\raw\itch_assets\loose\elements_childbase_shadow_3.png","MOVED"
"F:\stuff from desktop\URPG - RPG Game Maker\itch\elements_chix_3.png","F:\stuff from desktop\URPG - RPG Game Maker\imports\raw\itch_assets\loose\elements_chix_3.png","MOVED"
"F:\stuff from desktop\URPG - RPG Game Maker\itch\elements_cultists.zip","F:\stuff from desktop\URPG - RPG Game Maker\itch\archives\elements_cultists.zip","MOVED"
"F:\stuff from desktop\URPG - RPG Game Maker\itch\elements_intDoors.zip","F:\stuff from desktop\URPG - RPG Game Maker\itch\archives\elements_intDoors.zip","MOVED"
"F:\stuff from desktop\URPG - RPG Game Maker\itch\elements_tree_3x.png","F:\stuff from desktop\URPG - RPG Game Maker\imports\raw\itch_assets\loose\elements_tree_3x.png","MOVED"
"F:\stuff from desktop\URPG - RPG Game Maker\itch\elf_sheet_1_3x.png","F:\stuff from desktop\URPG - RPG Game Maker\imports\raw\itch_assets\loose\elf_sheet_1_3x.png","MOVED"
"F:\stuff from desktop\URPG - RPG Game Maker\itch\elf_sheet_2_3x.png","F:\stuff from desktop\URPG - RPG Game Maker\imports\raw\itch_assets\loose\elf_sheet_2_3x.png","MOVED"
"F:\stuff from desktop\URPG - RPG Game Maker\itch\em_ores_banim_1_3x.png","F:\stuff from desktop\URPG - RPG Game Maker\imports\raw\itch_assets\loose\em_ores_banim_1_3x.png","MOVED"
"F:\stuff from desktop\URPG - RPG Game Maker\itch\em_ores_banim_2_3x.png","F:\stuff from desktop\URPG - RPG Game Maker\imports\raw\itch_assets\loose\em_ores_banim_2_3x.png","MOVED"
"F:\stuff from desktop\URPG - RPG Game Maker\itch\emheads_ex.zip","F:\stuff from desktop\URPG - RPG Game Maker\itch\archives\emheads_ex.zip","MOVED"
"F:\stuff from desktop\URPG - RPG Game Maker\itch\eneweapons.zip","F:\stuff from desktop\URPG - RPG Game Maker\itch\archives\eneweapons.zip","MOVED"
"F:\stuff from desktop\URPG - RPG Game Maker\itch\etch_impact_1.png","F:\stuff from desktop\URPG - RPG Game Maker\imports\raw\itch_assets\loose\etch_impact_1.png","MOVED"
"F:\stuff from desktop\URPG - RPG Game Maker\itch\etch_impact_RM_3.png","F:\stuff from desktop\URPG - RPG Game Maker\imports\raw\itch_assets\loose\etch_impact_RM_3.png","MOVED"
"F:\stuff from desktop\URPG - RPG Game Maker\itch\etools_butterflynet.zip","F:\stuff from desktop\URPG - RPG Game Maker\itch\archives\etools_butterflynet.zip","MOVED"
"F:\stuff from desktop\URPG - RPG Game Maker\itch\etools_clippers.zip","F:\stuff from desktop\URPG - RPG Game Maker\itch\archives\etools_clippers.zip","MOVED"
"F:\stuff from desktop\URPG - RPG Game Maker\itch\etools_hoe.zip","F:\stuff from desktop\URPG - RPG Game Maker\itch\archives\etools_hoe.zip","MOVED"
"F:\stuff from desktop\URPG - RPG Game Maker\itch\etools_shovel.zip","F:\stuff from desktop\URPG - RPG Game Maker\itch\archives\etools_shovel.zip","MOVED"
"F:\stuff from desktop\URPG - RPG Game Maker\itch\fallpines_elements_3.png","F:\stuff from desktop\URPG - RPG Game Maker\imports\raw\itch_assets\loose\fallpines_elements_3.png","MOVED"
"F:\stuff from desktop\URPG - RPG Game Maker\itch\fallpines_world_3.png","F:\stuff from desktop\URPG - RPG Game Maker\imports\raw\itch_assets\loose\fallpines_world_3.png","MOVED"
"F:\stuff from desktop\URPG - RPG Game Maker\itch\fantasy-platformer-game-ui.zip","F:\stuff from desktop\URPG - RPG Game Maker\itch\archives\fantasy-platformer-game-ui.zip","MOVED"
"F:\stuff from desktop\URPG - RPG Game Maker\itch\fatbase_3.png","F:\stuff from desktop\URPG - RPG Game Maker\imports\raw\itch_assets\loose\fatbase_3.png","MOVED"
"F:\stuff from desktop\URPG - RPG Game Maker\itch\fatbasew_3.png","F:\stuff from desktop\URPG - RPG Game Maker\imports\raw\itch_assets\loose\fatbasew_3.png","MOVED"
"F:\stuff from desktop\URPG - RPG Game Maker\itch\Fighter Pack.zip","F:\stuff from desktop\URPG - RPG Game Maker\itch\archives\Fighter Pack.zip","MOVED"
"F:\stuff from desktop\URPG - RPG Game Maker\itch\finaltoweralpha_B_3x.png","F:\stuff from desktop\URPG - RPG Game Maker\imports\raw\itch_assets\loose\finaltoweralpha_B_3x.png","MOVED"
"F:\stuff from desktop\URPG - RPG Game Maker\itch\fishingpole_base_3x.png","F:\stuff from desktop\URPG - RPG Game Maker\imports\raw\itch_assets\loose\fishingpole_base_3x.png","MOVED"
"F:\stuff from desktop\URPG - RPG Game Maker\itch\fishingpole_overlay_3x.png","F:\stuff from desktop\URPG - RPG Game Maker\imports\raw\itch_assets\loose\fishingpole_overlay_3x.png","MOVED"
"F:\stuff from desktop\URPG - RPG Game Maker\itch\Flying-Islands-Pixel-Art-Top-Down-Tileset.zip","F:\stuff from desktop\URPG - RPG Game Maker\itch\archives\Flying-Islands-Pixel-Art-Top-Down-Tileset.zip","MOVED"
"F:\stuff from desktop\URPG - RPG Game Maker\itch\forestboysB_tfcolor_3x.png","F:\stuff from desktop\URPG - RPG Game Maker\imports\raw\itch_assets\loose\forestboysB_tfcolor_3x.png","MOVED"
"F:\stuff from desktop\URPG - RPG Game Maker\itch\fountain_animated3.png","F:\stuff from desktop\URPG - RPG Game Maker\imports\raw\itch_assets\loose\fountain_animated3.png","MOVED"
"F:\stuff from desktop\URPG - RPG Game Maker\itch\fountaintiles3.png","F:\stuff from desktop\URPG - RPG Game Maker\imports\raw\itch_assets\loose\fountaintiles3.png","MOVED"
"F:\stuff from desktop\URPG - RPG Game Maker\itch\fourseasons_terrain.zip","F:\stuff from desktop\URPG - RPG Game Maker\itch\archives\fourseasons_terrain.zip","MOVED"
"F:\stuff from desktop\URPG - RPG Game Maker\itch\frogheim_floortextures_3.png","F:\stuff from desktop\URPG - RPG Game Maker\imports\raw\itch_assets\loose\frogheim_floortextures_3.png","MOVED"
"F:\stuff from desktop\URPG - RPG Game Maker\itch\frogmother_3.png","F:\stuff from desktop\URPG - RPG Game Maker\imports\raw\itch_assets\loose\frogmother_3.png","MOVED"
"F:\stuff from desktop\URPG - RPG Game Maker\itch\futuredomes_3.png","F:\stuff from desktop\URPG - RPG Game Maker\imports\raw\itch_assets\loose\futuredomes_3.png","MOVED"
"F:\stuff from desktop\URPG - RPG Game Maker\itch\FutureFantasy.zip","F:\stuff from desktop\URPG - RPG Game Maker\itch\archives\FutureFantasy.zip","MOVED"
"F:\stuff from desktop\URPG - RPG Game Maker\itch\gallowsfloor_3.png","F:\stuff from desktop\URPG - RPG Game Maker\imports\raw\itch_assets\loose\gallowsfloor_3.png","MOVED"
"F:\stuff from desktop\URPG - RPG Game Maker\itch\giantspider_3.png","F:\stuff from desktop\URPG - RPG Game Maker\imports\raw\itch_assets\loose\giantspider_3.png","MOVED"
"F:\stuff from desktop\URPG - RPG Game Maker\itch\giantspider_shadow_3.png","F:\stuff from desktop\URPG - RPG Game Maker\imports\raw\itch_assets\loose\giantspider_shadow_3.png","MOVED"
"F:\stuff from desktop\URPG - RPG Game Maker\itch\giantworm_1_3x.png","F:\stuff from desktop\URPG - RPG Game Maker\imports\raw\itch_assets\loose\giantworm_1_3x.png","MOVED"
"F:\stuff from desktop\URPG - RPG Game Maker\itch\giantworm_terrain_1_3x.png","F:\stuff from desktop\URPG - RPG Game Maker\imports\raw\itch_assets\loose\giantworm_terrain_1_3x.png","MOVED"
"F:\stuff from desktop\URPG - RPG Game Maker\itch\goddess_3.png","F:\stuff from desktop\URPG - RPG Game Maker\imports\raw\itch_assets\loose\goddess_3.png","MOVED"
"F:\stuff from desktop\URPG - RPG Game Maker\itch\grass_and_coral_debris_sheet_3x.png","F:\stuff from desktop\URPG - RPG Game Maker\imports\raw\itch_assets\loose\grass_and_coral_debris_sheet_3x.png","MOVED"
"F:\stuff from desktop\URPG - RPG Game Maker\itch\greenhouse_3.png","F:\stuff from desktop\URPG - RPG Game Maker\imports\raw\itch_assets\loose\greenhouse_3.png","MOVED"
"F:\stuff from desktop\URPG - RPG Game Maker\itch\greenhouse_b_3.png","F:\stuff from desktop\URPG - RPG Game Maker\imports\raw\itch_assets\loose\greenhouse_b_3.png","MOVED"
"F:\stuff from desktop\URPG - RPG Game Maker\itch\greenhouseplants_char_3.png","F:\stuff from desktop\URPG - RPG Game Maker\imports\raw\itch_assets\loose\greenhouseplants_char_3.png","MOVED"
"F:\stuff from desktop\URPG - RPG Game Maker\itch\gun1_c2.png","F:\stuff from desktop\URPG - RPG Game Maker\imports\raw\itch_assets\loose\gun1_c2.png","MOVED"
"F:\stuff from desktop\URPG - RPG Game Maker\itch\gun1.png","F:\stuff from desktop\URPG - RPG Game Maker\imports\raw\itch_assets\loose\gun1.png","MOVED"
"F:\stuff from desktop\URPG - RPG Game Maker\itch\halberdier_3x.png","F:\stuff from desktop\URPG - RPG Game Maker\imports\raw\itch_assets\loose\halberdier_3x.png","MOVED"
"F:\stuff from desktop\URPG - RPG Game Maker\itch\halloween_10.2022.zip","F:\stuff from desktop\URPG - RPG Game Maker\itch\archives\halloween_10.2022.zip","MOVED"
"F:\stuff from desktop\URPG - RPG Game Maker\itch\hat6.zip","F:\stuff from desktop\URPG - RPG Game Maker\itch\archives\hat6.zip","MOVED"
"F:\stuff from desktop\URPG - RPG Game Maker\itch\hat9.zip","F:\stuff from desktop\URPG - RPG Game Maker\itch\archives\hat9.zip","MOVED"
"F:\stuff from desktop\URPG - RPG Game Maker\itch\head14.zip","F:\stuff from desktop\URPG - RPG Game Maker\itch\archives\head14.zip","MOVED"
"F:\stuff from desktop\URPG - RPG Game Maker\itch\head18.zip","F:\stuff from desktop\URPG - RPG Game Maker\itch\archives\head18.zip","MOVED"
"F:\stuff from desktop\URPG - RPG Game Maker\itch\helltextures_3.png","F:\stuff from desktop\URPG - RPG Game Maker\imports\raw\itch_assets\loose\helltextures_3.png","MOVED"
"F:\stuff from desktop\URPG - RPG Game Maker\itch\hobbithousea_3.png","F:\stuff from desktop\URPG - RPG Game Maker\imports\raw\itch_assets\loose\hobbithousea_3.png","MOVED"
"F:\stuff from desktop\URPG - RPG Game Maker\itch\hololive1_e_3.png","F:\stuff from desktop\URPG - RPG Game Maker\imports\raw\itch_assets\loose\hololive1_e_3.png","MOVED"
"F:\stuff from desktop\URPG - RPG Game Maker\itch\hotairballoons_rmA_3.png","F:\stuff from desktop\URPG - RPG Game Maker\imports\raw\itch_assets\loose\hotairballoons_rmA_3.png","MOVED"
"F:\stuff from desktop\URPG - RPG Game Maker\itch\hotairballoons_rmA_shadow_3.png","F:\stuff from desktop\URPG - RPG Game Maker\imports\raw\itch_assets\loose\hotairballoons_rmA_shadow_3.png","MOVED"
"F:\stuff from desktop\URPG - RPG Game Maker\itch\hotairballoons_rmB_3.png","F:\stuff from desktop\URPG - RPG Game Maker\imports\raw\itch_assets\loose\hotairballoons_rmB_3.png","MOVED"
"F:\stuff from desktop\URPG - RPG Game Maker\itch\hotairballoons_rmB_shadow_3.png","F:\stuff from desktop\URPG - RPG Game Maker\imports\raw\itch_assets\loose\hotairballoons_rmB_shadow_3.png","MOVED"
"F:\stuff from desktop\URPG - RPG Game Maker\itch\hud_meters_3.png","F:\stuff from desktop\URPG - RPG Game Maker\imports\raw\itch_assets\loose\hud_meters_3.png","MOVED"
"F:\stuff from desktop\URPG - RPG Game Maker\itch\human_Tactics_AkiroArt.png","F:\stuff from desktop\URPG - RPG Game Maker\imports\raw\itch_assets\loose\human_Tactics_AkiroArt.png","MOVED"
"F:\stuff from desktop\URPG - RPG Game Maker\itch\hunting_trophies_3.png","F:\stuff from desktop\URPG - RPG Game Maker\imports\raw\itch_assets\loose\hunting_trophies_3.png","MOVED"
"F:\stuff from desktop\URPG - RPG Game Maker\itch\ice_rm_tf_3x.png","F:\stuff from desktop\URPG - RPG Game Maker\imports\raw\itch_assets\loose\ice_rm_tf_3x.png","MOVED"
"F:\stuff from desktop\URPG - RPG Game Maker\itch\ichor-soldier_3x.png","F:\stuff from desktop\URPG - RPG Game Maker\imports\raw\itch_assets\loose\ichor-soldier_3x.png","MOVED"
"F:\stuff from desktop\URPG - RPG Game Maker\itch\Icons_32_32.zip","F:\stuff from desktop\URPG - RPG Game Maker\itch\archives\Icons_32_32.zip","MOVED"
"F:\stuff from desktop\URPG - RPG Game Maker\itch\icons_8.13.20.zip","F:\stuff from desktop\URPG - RPG Game Maker\itch\archives\icons_8.13.20.zip","MOVED"
"F:\stuff from desktop\URPG - RPG Game Maker\itch\insidebelly_addon_ext_3.png","F:\stuff from desktop\URPG - RPG Game Maker\imports\raw\itch_assets\loose\insidebelly_addon_ext_3.png","MOVED"
"F:\stuff from desktop\URPG - RPG Game Maker\itch\ironchef_walk_e_3x.png","F:\stuff from desktop\URPG - RPG Game Maker\imports\raw\itch_assets\loose\ironchef_walk_e_3x.png","MOVED"
"F:\stuff from desktop\URPG - RPG Game Maker\itch\ironchef_walk_tf_3x.png","F:\stuff from desktop\URPG - RPG Game Maker\imports\raw\itch_assets\loose\ironchef_walk_tf_3x.png","MOVED"
"F:\stuff from desktop\URPG - RPG Game Maker\itch\jdragon_body_tiles_horz_3.png","F:\stuff from desktop\URPG - RPG Game Maker\imports\raw\itch_assets\loose\jdragon_body_tiles_horz_3.png","MOVED"
"F:\stuff from desktop\URPG - RPG Game Maker\itch\jdragon_head_horz_3.png","F:\stuff from desktop\URPG - RPG Game Maker\imports\raw\itch_assets\loose\jdragon_head_horz_3.png","MOVED"
"F:\stuff from desktop\URPG - RPG Game Maker\itch\jdragon_rmb_3.png","F:\stuff from desktop\URPG - RPG Game Maker\imports\raw\itch_assets\loose\jdragon_rmb_3.png","MOVED"
"F:\stuff from desktop\URPG - RPG Game Maker\itch\jobber_3x.png","F:\stuff from desktop\URPG - RPG Game Maker\imports\raw\itch_assets\loose\jobber_3x.png","MOVED"
"F:\stuff from desktop\URPG - RPG Game Maker\itch\jobber-charset_3x.png","F:\stuff from desktop\URPG - RPG Game Maker\imports\raw\itch_assets\loose\jobber-charset_3x.png","MOVED"
"F:\stuff from desktop\URPG - RPG Game Maker\itch\jumping_base.png","F:\stuff from desktop\URPG - RPG Game Maker\imports\raw\itch_assets\loose\jumping_base.png","MOVED"
"F:\stuff from desktop\URPG - RPG Game Maker\itch\jungleset_tree_recolor_addon_3.png","F:\stuff from desktop\URPG - RPG Game Maker\imports\raw\itch_assets\loose\jungleset_tree_recolor_addon_3.png","MOVED"
"F:\stuff from desktop\URPG - RPG Game Maker\itch\jungletree_growth_3.png","F:\stuff from desktop\URPG - RPG Game Maker\imports\raw\itch_assets\loose\jungletree_growth_3.png","MOVED"
"F:\stuff from desktop\URPG - RPG Game Maker\itch\kitsune_walking_3.png","F:\stuff from desktop\URPG - RPG Game Maker\imports\raw\itch_assets\loose\kitsune_walking_3.png","MOVED"
"F:\stuff from desktop\URPG - RPG Game Maker\itch\knight_factions_3.png","F:\stuff from desktop\URPG - RPG Game Maker\imports\raw\itch_assets\loose\knight_factions_3.png","MOVED"
"F:\stuff from desktop\URPG - RPG Game Maker\itch\ladder_unroll_rm_3.png","F:\stuff from desktop\URPG - RPG Game Maker\imports\raw\itch_assets\loose\ladder_unroll_rm_3.png","MOVED"
"F:\stuff from desktop\URPG - RPG Game Maker\itch\Level Map Assets Pixel Art.zip","F:\stuff from desktop\URPG - RPG Game Maker\itch\archives\Level Map Assets Pixel Art.zip","MOVED"
"F:\stuff from desktop\URPG - RPG Game Maker\itch\littlefairies_3.png","F:\stuff from desktop\URPG - RPG Game Maker\imports\raw\itch_assets\loose\littlefairies_3.png","MOVED"
"F:\stuff from desktop\URPG - RPG Game Maker\itch\looms_3.png","F:\stuff from desktop\URPG - RPG Game Maker\imports\raw\itch_assets\loose\looms_3.png","MOVED"
"F:\stuff from desktop\URPG - RPG Game Maker\itch\luchador_green_walk_3.png","F:\stuff from desktop\URPG - RPG Game Maker\imports\raw\itch_assets\loose\luchador_green_walk_3.png","MOVED"
"F:\stuff from desktop\URPG - RPG Game Maker\itch\luchador_red_walk_3.png","F:\stuff from desktop\URPG - RPG Game Maker\imports\raw\itch_assets\loose\luchador_red_walk_3.png","MOVED"
"F:\stuff from desktop\URPG - RPG Game Maker\itch\magic_circles_3.png","F:\stuff from desktop\URPG - RPG Game Maker\imports\raw\itch_assets\loose\magic_circles_3.png","MOVED"
"F:\stuff from desktop\URPG - RPG Game Maker\itch\maledancers_3.png","F:\stuff from desktop\URPG - RPG Game Maker\imports\raw\itch_assets\loose\maledancers_3.png","MOVED"
"F:\stuff from desktop\URPG - RPG Game Maker\itch\maledancersB_3.png","F:\stuff from desktop\URPG - RPG Game Maker\imports\raw\itch_assets\loose\maledancersB_3.png","MOVED"
"F:\stuff from desktop\URPG - RPG Game Maker\itch\mangroves_3.png","F:\stuff from desktop\URPG - RPG Game Maker\imports\raw\itch_assets\loose\mangroves_3.png","MOVED"
"F:\stuff from desktop\URPG - RPG Game Maker\itch\mecha_war_pack.zip","F:\stuff from desktop\URPG - RPG Game Maker\itch\archives\mecha_war_pack.zip","MOVED"
"F:\stuff from desktop\URPG - RPG Game Maker\itch\mer_base_3.png","F:\stuff from desktop\URPG - RPG Game Maker\imports\raw\itch_assets\loose\mer_base_3.png","MOVED"
"F:\stuff from desktop\URPG - RPG Game Maker\itch\mer_human_3.png","F:\stuff from desktop\URPG - RPG Game Maker\imports\raw\itch_assets\loose\mer_human_3.png","MOVED"
"F:\stuff from desktop\URPG - RPG Game Maker\itch\merlocs_em_3.png","F:\stuff from desktop\URPG - RPG Game Maker\imports\raw\itch_assets\loose\merlocs_em_3.png","MOVED"
"F:\stuff from desktop\URPG - RPG Game Maker\itch\mghoulA_3.png","F:\stuff from desktop\URPG - RPG Game Maker\imports\raw\itch_assets\loose\mghoulA_3.png","MOVED"
"F:\stuff from desktop\URPG - RPG Game Maker\itch\mghoulB_3.png","F:\stuff from desktop\URPG - RPG Game Maker\imports\raw\itch_assets\loose\mghoulB_3.png","MOVED"
"F:\stuff from desktop\URPG - RPG Game Maker\itch\miners_full_3.png","F:\stuff from desktop\URPG - RPG Game Maker\imports\raw\itch_assets\loose\miners_full_3.png","MOVED"
"F:\stuff from desktop\URPG - RPG Game Maker\itch\Mini-Medieval-User-Interface-v1.1.zip","F:\stuff from desktop\URPG - RPG Game Maker\itch\archives\Mini-Medieval-User-Interface-v1.1.zip","MOVED"
"F:\stuff from desktop\URPG - RPG Game Maker\itch\mining-anim-base_3.png","F:\stuff from desktop\URPG - RPG Game Maker\imports\raw\itch_assets\loose\mining-anim-base_3.png","MOVED"
"F:\stuff from desktop\URPG - RPG Game Maker\itch\mirror_entity_3.png","F:\stuff from desktop\URPG - RPG Game Maker\imports\raw\itch_assets\loose\mirror_entity_3.png","MOVED"
"F:\stuff from desktop\URPG - RPG Game Maker\itch\mirror-cliffside-3.png","F:\stuff from desktop\URPG - RPG Game Maker\imports\raw\itch_assets\loose\mirror-cliffside-3.png","MOVED"
"F:\stuff from desktop\URPG - RPG Game Maker\itch\mirror-palace-addon_3.png","F:\stuff from desktop\URPG - RPG Game Maker\imports\raw\itch_assets\loose\mirror-palace-addon_3.png","MOVED"
"F:\stuff from desktop\URPG - RPG Game Maker\itch\mondinos_saddle_3.png","F:\stuff from desktop\URPG - RPG Game Maker\imports\raw\itch_assets\loose\mondinos_saddle_3.png","MOVED"
"F:\stuff from desktop\URPG - RPG Game Maker\itch\Monster Mega Pack 1-100 by BattleInkMaps (2).zip","F:\stuff from desktop\URPG - RPG Game Maker\itch\archives\Monster Mega Pack 1-100 by BattleInkMaps (2).zip","MOVED"
"F:\stuff from desktop\URPG - RPG Game Maker\itch\Monster Mega Pack 101-200 (2).zip","F:\stuff from desktop\URPG - RPG Game Maker\itch\archives\Monster Mega Pack 101-200 (2).zip","MOVED"
"F:\stuff from desktop\URPG - RPG Game Maker\itch\monsterbelly_11.42.21.zip","F:\stuff from desktop\URPG - RPG Game Maker\itch\archives\monsterbelly_11.42.21.zip","MOVED"
"F:\stuff from desktop\URPG - RPG Game Maker\itch\Monsters Mega Pack 201-300.zip","F:\stuff from desktop\URPG - RPG Game Maker\itch\archives\Monsters Mega Pack 201-300.zip","MOVED"
"F:\stuff from desktop\URPG - RPG Game Maker\itch\moon_walk_3.png","F:\stuff from desktop\URPG - RPG Game Maker\imports\raw\itch_assets\loose\moon_walk_3.png","MOVED"
"F:\stuff from desktop\URPG - RPG Game Maker\itch\motorbike_blue_3.png","F:\stuff from desktop\URPG - RPG Game Maker\imports\raw\itch_assets\loose\motorbike_blue_3.png","MOVED"
"F:\stuff from desktop\URPG - RPG Game Maker\itch\motorbike_red_3.png","F:\stuff from desktop\URPG - RPG Game Maker\imports\raw\itch_assets\loose\motorbike_red_3.png","MOVED"
"F:\stuff from desktop\URPG - RPG Game Maker\itch\motorbike_riderbase_3.png","F:\stuff from desktop\URPG - RPG Game Maker\imports\raw\itch_assets\loose\motorbike_riderbase_3.png","MOVED"
"F:\stuff from desktop\URPG - RPG Game Maker\itch\motorbike_yellow_3.png","F:\stuff from desktop\URPG - RPG Game Maker\imports\raw\itch_assets\loose\motorbike_yellow_3.png","MOVED"
"F:\stuff from desktop\URPG - RPG Game Maker\itch\mouse_ui_icons_3.png","F:\stuff from desktop\URPG - RPG Game Maker\imports\raw\itch_assets\loose\mouse_ui_icons_3.png","MOVED"
"F:\stuff from desktop\URPG - RPG Game Maker\itch\mummy_3.png","F:\stuff from desktop\URPG - RPG Game Maker\imports\raw\itch_assets\loose\mummy_3.png","MOVED"
"F:\stuff from desktop\URPG - RPG Game Maker\itch\mycofolk_3.png","F:\stuff from desktop\URPG - RPG Game Maker\imports\raw\itch_assets\loose\mycofolk_3.png","MOVED"
"F:\stuff from desktop\URPG - RPG Game Maker\itch\newflames_3.png","F:\stuff from desktop\URPG - RPG Game Maker\imports\raw\itch_assets\loose\newflames_3.png","MOVED"
"F:\stuff from desktop\URPG - RPG Game Maker\itch\neworld_churchgraveyard_tf_3x.png","F:\stuff from desktop\URPG - RPG Game Maker\imports\raw\itch_assets\loose\neworld_churchgraveyard_tf_3x.png","MOVED"
"F:\stuff from desktop\URPG - RPG Game Maker\itch\neworld_farmvillage_full_3.png","F:\stuff from desktop\URPG - RPG Game Maker\imports\raw\itch_assets\loose\neworld_farmvillage_full_3.png","MOVED"
"F:\stuff from desktop\URPG - RPG Game Maker\itch\neworld_windmilltower_3.png","F:\stuff from desktop\URPG - RPG Game Maker\imports\raw\itch_assets\loose\neworld_windmilltower_3.png","MOVED"
"F:\stuff from desktop\URPG - RPG Game Maker\itch\newterrain_sheet_3.png","F:\stuff from desktop\URPG - RPG Game Maker\imports\raw\itch_assets\loose\newterrain_sheet_3.png","MOVED"
"F:\stuff from desktop\URPG - RPG Game Maker\itch\npc_vagabond_3.png","F:\stuff from desktop\URPG - RPG Game Maker\imports\raw\itch_assets\loose\npc_vagabond_3.png","MOVED"
"F:\stuff from desktop\URPG - RPG Game Maker\itch\npc-animations-8.20.zip","F:\stuff from desktop\URPG - RPG Game Maker\itch\archives\npc-animations-8.20.zip","MOVED"
"F:\stuff from desktop\URPG - RPG Game Maker\itch\npcactions_3.png","F:\stuff from desktop\URPG - RPG Game Maker\imports\raw\itch_assets\loose\npcactions_3.png","MOVED"
"F:\stuff from desktop\URPG - RPG Game Maker\itch\old_cricktown_houses_sheet.png","F:\stuff from desktop\URPG - RPG Game Maker\imports\raw\itch_assets\loose\old_cricktown_houses_sheet.png","MOVED"
"F:\stuff from desktop\URPG - RPG Game Maker\itch\OM_addon_arcade_3.png","F:\stuff from desktop\URPG - RPG Game Maker\imports\raw\itch_assets\loose\OM_addon_arcade_3.png","MOVED"
"F:\stuff from desktop\URPG - RPG Game Maker\itch\om_babies_3.png","F:\stuff from desktop\URPG - RPG Game Maker\imports\raw\itch_assets\loose\om_babies_3.png","MOVED"
"F:\stuff from desktop\URPG - RPG Game Maker\itch\om_babies8_3x.png","F:\stuff from desktop\URPG - RPG Game Maker\imports\raw\itch_assets\loose\om_babies8_3x.png","MOVED"
"F:\stuff from desktop\URPG - RPG Game Maker\itch\om_kidset_3.png","F:\stuff from desktop\URPG - RPG Game Maker\imports\raw\itch_assets\loose\om_kidset_3.png","MOVED"
"F:\stuff from desktop\URPG - RPG Game Maker\itch\openRPG_Tilesets_5.24.22.zip","F:\stuff from desktop\URPG - RPG Game Maker\itch\archives\openRPG_Tilesets_5.24.22.zip","MOVED"
"F:\stuff from desktop\URPG - RPG Game Maker\itch\opossum_3.png","F:\stuff from desktop\URPG - RPG Game Maker\imports\raw\itch_assets\loose\opossum_3.png","MOVED"
"F:\stuff from desktop\URPG - RPG Game Maker\itch\ortp2K_exterior_3x.png","F:\stuff from desktop\URPG - RPG Game Maker\imports\raw\itch_assets\loose\ortp2K_exterior_3x.png","MOVED"
"F:\stuff from desktop\URPG - RPG Game Maker\itch\ortp2K_interior_3x.png","F:\stuff from desktop\URPG - RPG Game Maker\imports\raw\itch_assets\loose\ortp2K_interior_3x.png","MOVED"
"F:\stuff from desktop\URPG - RPG Game Maker\itch\ortp2K_world_3x.png","F:\stuff from desktop\URPG - RPG Game Maker\imports\raw\itch_assets\loose\ortp2K_world_3x.png","MOVED"
"F:\stuff from desktop\URPG - RPG Game Maker\itch\outhouse_addon_3.png","F:\stuff from desktop\URPG - RPG Game Maker\imports\raw\itch_assets\loose\outhouse_addon_3.png","MOVED"
"F:\stuff from desktop\URPG - RPG Game Maker\itch\outhouse_door_3.png","F:\stuff from desktop\URPG - RPG Game Maker\imports\raw\itch_assets\loose\outhouse_door_3.png","MOVED"
"F:\stuff from desktop\URPG - RPG Game Maker\itch\overworld_mountains_3.png","F:\stuff from desktop\URPG - RPG Game Maker\imports\raw\itch_assets\loose\overworld_mountains_3.png","MOVED"
"F:\stuff from desktop\URPG - RPG Game Maker\itch\ow_train_cars_3.png","F:\stuff from desktop\URPG - RPG Game Maker\imports\raw\itch_assets\loose\ow_train_cars_3.png","MOVED"
"F:\stuff from desktop\URPG - RPG Game Maker\itch\ow_train_cars_complete_3x.png","F:\stuff from desktop\URPG - RPG Game Maker\imports\raw\itch_assets\loose\ow_train_cars_complete_3x.png","MOVED"
"F:\stuff from desktop\URPG - RPG Game Maker\itch\ow_train_engine_single_3.png","F:\stuff from desktop\URPG - RPG Game Maker\imports\raw\itch_assets\loose\ow_train_engine_single_3.png","MOVED"
"F:\stuff from desktop\URPG - RPG Game Maker\itch\ow_train_engine_single_complete_3x.png","F:\stuff from desktop\URPG - RPG Game Maker\imports\raw\itch_assets\loose\ow_train_engine_single_complete_3x.png","MOVED"
"F:\stuff from desktop\URPG - RPG Game Maker\itch\owlbear_tf_3.png","F:\stuff from desktop\URPG - RPG Game Maker\imports\raw\itch_assets\loose\owlbear_tf_3.png","MOVED"
"F:\stuff from desktop\URPG - RPG Game Maker\itch\phoenixegg_3.png","F:\stuff from desktop\URPG - RPG Game Maker\imports\raw\itch_assets\loose\phoenixegg_3.png","MOVED"
"F:\stuff from desktop\URPG - RPG Game Maker\itch\pigman_walk_e3.png","F:\stuff from desktop\URPG - RPG Game Maker\imports\raw\itch_assets\loose\pigman_walk_e3.png","MOVED"
"F:\stuff from desktop\URPG - RPG Game Maker\itch\platypus_3x.png","F:\stuff from desktop\URPG - RPG Game Maker\imports\raw\itch_assets\loose\platypus_3x.png","MOVED"
"F:\stuff from desktop\URPG - RPG Game Maker\itch\portal_blue_3.png","F:\stuff from desktop\URPG - RPG Game Maker\imports\raw\itch_assets\loose\portal_blue_3.png","MOVED"
"F:\stuff from desktop\URPG - RPG Game Maker\itch\portal_blue_close_3.png","F:\stuff from desktop\URPG - RPG Game Maker\imports\raw\itch_assets\loose\portal_blue_close_3.png","MOVED"
"F:\stuff from desktop\URPG - RPG Game Maker\itch\portal_blue_open_3.png","F:\stuff from desktop\URPG - RPG Game Maker\imports\raw\itch_assets\loose\portal_blue_open_3.png","MOVED"
"F:\stuff from desktop\URPG - RPG Game Maker\itch\portal_purple_3.png","F:\stuff from desktop\URPG - RPG Game Maker\imports\raw\itch_assets\loose\portal_purple_3.png","MOVED"
"F:\stuff from desktop\URPG - RPG Game Maker\itch\portal_purple_close_3.png","F:\stuff from desktop\URPG - RPG Game Maker\imports\raw\itch_assets\loose\portal_purple_close_3.png","MOVED"
"F:\stuff from desktop\URPG - RPG Game Maker\itch\portal_purple_open_3.png","F:\stuff from desktop\URPG - RPG Game Maker\imports\raw\itch_assets\loose\portal_purple_open_3.png","MOVED"
"F:\stuff from desktop\URPG - RPG Game Maker\itch\portal_red_3.png","F:\stuff from desktop\URPG - RPG Game Maker\imports\raw\itch_assets\loose\portal_red_3.png","MOVED"
"F:\stuff from desktop\URPG - RPG Game Maker\itch\portal_red_close_3.png","F:\stuff from desktop\URPG - RPG Game Maker\imports\raw\itch_assets\loose\portal_red_close_3.png","MOVED"
"F:\stuff from desktop\URPG - RPG Game Maker\itch\portal_red_open_3.png","F:\stuff from desktop\URPG - RPG Game Maker\imports\raw\itch_assets\loose\portal_red_open_3.png","MOVED"
"F:\stuff from desktop\URPG - RPG Game Maker\itch\portal_stone_3.png","F:\stuff from desktop\URPG - RPG Game Maker\imports\raw\itch_assets\loose\portal_stone_3.png","MOVED"
"F:\stuff from desktop\URPG - RPG Game Maker\itch\portal_stone_close_3.png","F:\stuff from desktop\URPG - RPG Game Maker\imports\raw\itch_assets\loose\portal_stone_close_3.png","MOVED"
"F:\stuff from desktop\URPG - RPG Game Maker\itch\portal_stone_open_3.png","F:\stuff from desktop\URPG - RPG Game Maker\imports\raw\itch_assets\loose\portal_stone_open_3.png","MOVED"
"F:\stuff from desktop\URPG - RPG Game Maker\itch\postapoc_interior_3.png","F:\stuff from desktop\URPG - RPG Game Maker\imports\raw\itch_assets\loose\postapoc_interior_3.png","MOVED"
"F:\stuff from desktop\URPG - RPG Game Maker\itch\postapoc_junkshack_3.png","F:\stuff from desktop\URPG - RPG Game Maker\imports\raw\itch_assets\loose\postapoc_junkshack_3.png","MOVED"
"F:\stuff from desktop\URPG - RPG Game Maker\itch\radiotower_3.png","F:\stuff from desktop\URPG - RPG Game Maker\imports\raw\itch_assets\loose\radiotower_3.png","MOVED"
"F:\stuff from desktop\URPG - RPG Game Maker\itch\ratmen_3x.png","F:\stuff from desktop\URPG - RPG Game Maker\imports\raw\itch_assets\loose\ratmen_3x.png","MOVED"
"F:\stuff from desktop\URPG - RPG Game Maker\itch\ratmen_characters_3x_shadow.png","F:\stuff from desktop\URPG - RPG Game Maker\imports\raw\itch_assets\loose\ratmen_characters_3x_shadow.png","MOVED"
"F:\stuff from desktop\URPG - RPG Game Maker\itch\ratmen_characters_3x.png","F:\stuff from desktop\URPG - RPG Game Maker\imports\raw\itch_assets\loose\ratmen_characters_3x.png","MOVED"
"F:\stuff from desktop\URPG - RPG Game Maker\itch\recruiter_3x.png","F:\stuff from desktop\URPG - RPG Game Maker\imports\raw\itch_assets\loose\recruiter_3x.png","MOVED"
"F:\stuff from desktop\URPG - RPG Game Maker\itch\rmmv_battler.png","F:\stuff from desktop\URPG - RPG Game Maker\imports\raw\itch_assets\loose\rmmv_battler.png","MOVED"
"F:\stuff from desktop\URPG - RPG Game Maker\itch\robotanks.zip","F:\stuff from desktop\URPG - RPG Game Maker\itch\archives\robotanks.zip","MOVED"
"F:\stuff from desktop\URPG - RPG Game Maker\itch\robots_walkin_B_3.png","F:\stuff from desktop\URPG - RPG Game Maker\imports\raw\itch_assets\loose\robots_walkin_B_3.png","MOVED"
"F:\stuff from desktop\URPG - RPG Game Maker\itch\roboz_3x.png","F:\stuff from desktop\URPG - RPG Game Maker\imports\raw\itch_assets\loose\roboz_3x.png","MOVED"
"F:\stuff from desktop\URPG - RPG Game Maker\itch\rockcrystals_e_3.png","F:\stuff from desktop\URPG - RPG Game Maker\imports\raw\itch_assets\loose\rockcrystals_e_3.png","MOVED"
"F:\stuff from desktop\URPG - RPG Game Maker\itch\rockcrystals_floating_char_e_3.png","F:\stuff from desktop\URPG - RPG Game Maker\imports\raw\itch_assets\loose\rockcrystals_floating_char_e_3.png","MOVED"
"F:\stuff from desktop\URPG - RPG Game Maker\itch\roman_npcs_3.png","F:\stuff from desktop\URPG - RPG Game Maker\imports\raw\itch_assets\loose\roman_npcs_3.png","MOVED"
"F:\stuff from desktop\URPG - RPG Game Maker\itch\roman_npcs_full_3.png","F:\stuff from desktop\URPG - RPG Game Maker\imports\raw\itch_assets\loose\roman_npcs_full_3.png","MOVED"
"F:\stuff from desktop\URPG - RPG Game Maker\itch\satyr_3x.png","F:\stuff from desktop\URPG - RPG Game Maker\imports\raw\itch_assets\loose\satyr_3x.png","MOVED"
"F:\stuff from desktop\URPG - RPG Game Maker\itch\satyr-shadow_3x.png","F:\stuff from desktop\URPG - RPG Game Maker\imports\raw\itch_assets\loose\satyr-shadow_3x.png","MOVED"
"F:\stuff from desktop\URPG - RPG Game Maker\itch\scifi_doorframe_3x.png","F:\stuff from desktop\URPG - RPG Game Maker\imports\raw\itch_assets\loose\scifi_doorframe_3x.png","MOVED"
"F:\stuff from desktop\URPG - RPG Game Maker\itch\scifi_doors8_a_3x.png","F:\stuff from desktop\URPG - RPG Game Maker\imports\raw\itch_assets\loose\scifi_doors8_a_3x.png","MOVED"
"F:\stuff from desktop\URPG - RPG Game Maker\itch\scifi_doors8_b_3x.png","F:\stuff from desktop\URPG - RPG Game Maker\imports\raw\itch_assets\loose\scifi_doors8_b_3x.png","MOVED"
"F:\stuff from desktop\URPG - RPG Game Maker\itch\Seabed-Pixel-Art-Top-Down-Tileset.zip","F:\stuff from desktop\URPG - RPG Game Maker\itch\archives\Seabed-Pixel-Art-Top-Down-Tileset.zip","MOVED"
"F:\stuff from desktop\URPG - RPG Game Maker\itch\sealedchests_e_3.png","F:\stuff from desktop\URPG - RPG Game Maker\imports\raw\itch_assets\loose\sealedchests_e_3.png","MOVED"
"F:\stuff from desktop\URPG - RPG Game Maker\itch\seaship_sheet_3.png","F:\stuff from desktop\URPG - RPG Game Maker\imports\raw\itch_assets\loose\seaship_sheet_3.png","MOVED"
"F:\stuff from desktop\URPG - RPG Game Maker\itch\secret_bookshelf_3.png","F:\stuff from desktop\URPG - RPG Game Maker\imports\raw\itch_assets\loose\secret_bookshelf_3.png","MOVED"
"F:\stuff from desktop\URPG - RPG Game Maker\itch\secret_cavedoors_3.png","F:\stuff from desktop\URPG - RPG Game Maker\imports\raw\itch_assets\loose\secret_cavedoors_3.png","MOVED"
"F:\stuff from desktop\URPG - RPG Game Maker\itch\seedbags_elements_attacktool.zip","F:\stuff from desktop\URPG - RPG Game Maker\itch\archives\seedbags_elements_attacktool.zip","MOVED"
"F:\stuff from desktop\URPG - RPG Game Maker\itch\Settings_drowupdate.json","F:\stuff from desktop\URPG - RPG Game Maker\imports\raw\itch_assets\loose\Settings_drowupdate.json","MOVED"
"F:\stuff from desktop\URPG - RPG Game Maker\itch\Settings.json","F:\stuff from desktop\URPG - RPG Game Maker\imports\raw\itch_assets\loose\Settings.json","MOVED"
"F:\stuff from desktop\URPG - RPG Game Maker\itch\shamans_mv.png","F:\stuff from desktop\URPG - RPG Game Maker\imports\raw\itch_assets\loose\shamans_mv.png","MOVED"
"F:\stuff from desktop\URPG - RPG Game Maker\itch\shark_fin_blue_3.png","F:\stuff from desktop\URPG - RPG Game Maker\imports\raw\itch_assets\loose\shark_fin_blue_3.png","MOVED"
"F:\stuff from desktop\URPG - RPG Game Maker\itch\shark_fin_brown_3.png","F:\stuff from desktop\URPG - RPG Game Maker\imports\raw\itch_assets\loose\shark_fin_brown_3.png","MOVED"
"F:\stuff from desktop\URPG - RPG Game Maker\itch\shark_finshadow_blue_3.png","F:\stuff from desktop\URPG - RPG Game Maker\imports\raw\itch_assets\loose\shark_finshadow_blue_3.png","MOVED"
"F:\stuff from desktop\URPG - RPG Game Maker\itch\shark_finshadow_brown_3.png","F:\stuff from desktop\URPG - RPG Game Maker\imports\raw\itch_assets\loose\shark_finshadow_brown_3.png","MOVED"
"F:\stuff from desktop\URPG - RPG Game Maker\itch\shark_full_blue_3.png","F:\stuff from desktop\URPG - RPG Game Maker\imports\raw\itch_assets\loose\shark_full_blue_3.png","MOVED"
"F:\stuff from desktop\URPG - RPG Game Maker\itch\shark_full_brown_3.png","F:\stuff from desktop\URPG - RPG Game Maker\imports\raw\itch_assets\loose\shark_full_brown_3.png","MOVED"
"F:\stuff from desktop\URPG - RPG Game Maker\itch\sharkmouth3.png","F:\stuff from desktop\URPG - RPG Game Maker\imports\raw\itch_assets\loose\sharkmouth3.png","MOVED"
"F:\stuff from desktop\URPG - RPG Game Maker\itch\shield2pat.zip","F:\stuff from desktop\URPG - RPG Game Maker\itch\archives\shield2pat.zip","MOVED"
"F:\stuff from desktop\URPG - RPG Game Maker\itch\ships_16x16_3.png","F:\stuff from desktop\URPG - RPG Game Maker\imports\raw\itch_assets\loose\ships_16x16_3.png","MOVED"
"F:\stuff from desktop\URPG - RPG Game Maker\itch\shipsail_or_300.png","F:\stuff from desktop\URPG - RPG Game Maker\imports\raw\itch_assets\loose\shipsail_or_300.png","MOVED"
"F:\stuff from desktop\URPG - RPG Game Maker\itch\sittingbase_single.png","F:\stuff from desktop\URPG - RPG Game Maker\imports\raw\itch_assets\loose\sittingbase_single.png","MOVED"
"F:\stuff from desktop\URPG - RPG Game Maker\itch\slimes_rpgmaker_charsheet_3x.png","F:\stuff from desktop\URPG - RPG Game Maker\imports\raw\itch_assets\loose\slimes_rpgmaker_charsheet_3x.png","MOVED"
"F:\stuff from desktop\URPG - RPG Game Maker\itch\smokeyjoe_3x.png","F:\stuff from desktop\URPG - RPG Game Maker\imports\raw\itch_assets\loose\smokeyjoe_3x.png","MOVED"
"F:\stuff from desktop\URPG - RPG Game Maker\itch\snakecharmer_walk_3.png","F:\stuff from desktop\URPG - RPG Game Maker\imports\raw\itch_assets\loose\snakecharmer_walk_3.png","MOVED"
"F:\stuff from desktop\URPG - RPG Game Maker\itch\spidereggs_tiles_e_3x.png","F:\stuff from desktop\URPG - RPG Game Maker\imports\raw\itch_assets\loose\spidereggs_tiles_e_3x.png","MOVED"
"F:\stuff from desktop\URPG - RPG Game Maker\itch\spinner_addon_3.png","F:\stuff from desktop\URPG - RPG Game Maker\imports\raw\itch_assets\loose\spinner_addon_3.png","MOVED"
"F:\stuff from desktop\URPG - RPG Game Maker\itch\spinnerchair_3.png","F:\stuff from desktop\URPG - RPG Game Maker\imports\raw\itch_assets\loose\spinnerchair_3.png","MOVED"
"F:\stuff from desktop\URPG - RPG Game Maker\itch\spookyscarecrow_3.png","F:\stuff from desktop\URPG - RPG Game Maker\imports\raw\itch_assets\loose\spookyscarecrow_3.png","MOVED"
"F:\stuff from desktop\URPG - RPG Game Maker\itch\stairs_3.png","F:\stuff from desktop\URPG - RPG Game Maker\imports\raw\itch_assets\loose\stairs_3.png","MOVED"
"F:\stuff from desktop\URPG - RPG Game Maker\itch\stairs_railings_3.png","F:\stuff from desktop\URPG - RPG Game Maker\imports\raw\itch_assets\loose\stairs_railings_3.png","MOVED"
"F:\stuff from desktop\URPG - RPG Game Maker\itch\statues_tilesheet_3.png","F:\stuff from desktop\URPG - RPG Game Maker\imports\raw\itch_assets\loose\statues_tilesheet_3.png","MOVED"
"F:\stuff from desktop\URPG - RPG Game Maker\itch\Steampunk Game Assets Pixel Art.zip","F:\stuff from desktop\URPG - RPG Game Maker\itch\archives\Steampunk Game Assets Pixel Art.zip","MOVED"
"F:\stuff from desktop\URPG - RPG Game Maker\itch\stonebridgea_3.png","F:\stuff from desktop\URPG - RPG Game Maker\imports\raw\itch_assets\loose\stonebridgea_3.png","MOVED"
"F:\stuff from desktop\URPG - RPG Game Maker\itch\sumo_e_3.png","F:\stuff from desktop\URPG - RPG Game Maker\imports\raw\itch_assets\loose\sumo_e_3.png","MOVED"
"F:\stuff from desktop\URPG - RPG Game Maker\itch\sun_walk_3.png","F:\stuff from desktop\URPG - RPG Game Maker\imports\raw\itch_assets\loose\sun_walk_3.png","MOVED"
"F:\stuff from desktop\URPG - RPG Game Maker\itch\swampclifftiles_3.png","F:\stuff from desktop\URPG - RPG Game Maker\imports\raw\itch_assets\loose\swampclifftiles_3.png","MOVED"
"F:\stuff from desktop\URPG - RPG Game Maker\itch\sword_overlay_bodybase_3.png","F:\stuff from desktop\URPG - RPG Game Maker\imports\raw\itch_assets\loose\sword_overlay_bodybase_3.png","MOVED"
"F:\stuff from desktop\URPG - RPG Game Maker\itch\te_snow_roof_addon_3.png","F:\stuff from desktop\URPG - RPG Game Maker\imports\raw\itch_assets\loose\te_snow_roof_addon_3.png","MOVED"
"F:\stuff from desktop\URPG - RPG Game Maker\itch\tents_addon_e_3.png","F:\stuff from desktop\URPG - RPG Game Maker\imports\raw\itch_assets\loose\tents_addon_e_3.png","MOVED"
"F:\stuff from desktop\URPG - RPG Game Maker\itch\tf_ashlands.zip","F:\stuff from desktop\URPG - RPG Game Maker\itch\archives\tf_ashlands.zip","MOVED"
"F:\stuff from desktop\URPG - RPG Game Maker\itch\tf_atlantis_updated2020.zip","F:\stuff from desktop\URPG - RPG Game Maker\itch\archives\tf_atlantis_updated2020.zip","MOVED"
"F:\stuff from desktop\URPG - RPG Game Maker\itch\tf_atlantis.zip","F:\stuff from desktop\URPG - RPG Game Maker\itch\archives\tf_atlantis.zip","MOVED"
"F:\stuff from desktop\URPG - RPG Game Maker\itch\tf_beach_tileset.zip","F:\stuff from desktop\URPG - RPG Game Maker\itch\archives\tf_beach_tileset.zip","MOVED"
"F:\stuff from desktop\URPG - RPG Game Maker\itch\tf_darkdimension_updated2020.zip","F:\stuff from desktop\URPG - RPG Game Maker\itch\archives\tf_darkdimension_updated2020.zip","MOVED"
"F:\stuff from desktop\URPG - RPG Game Maker\itch\tf_fairyforest_12.28.20.zip","F:\stuff from desktop\URPG - RPG Game Maker\itch\archives\tf_fairyforest_12.28.20.zip","MOVED"
"F:\stuff from desktop\URPG - RPG Game Maker\itch\tf_final_tower_12.24.22.zip","F:\stuff from desktop\URPG - RPG Game Maker\itch\archives\tf_final_tower_12.24.22.zip","MOVED"
"F:\stuff from desktop\URPG - RPG Game Maker\itch\tf_insidebelly_tileB_3.png","F:\stuff from desktop\URPG - RPG Game Maker\imports\raw\itch_assets\loose\tf_insidebelly_tileB_3.png","MOVED"
"F:\stuff from desktop\URPG - RPG Game Maker\itch\tf_jungle.zip","F:\stuff from desktop\URPG - RPG Game Maker\itch\archives\tf_jungle.zip","MOVED"
"F:\stuff from desktop\URPG - RPG Game Maker\itch\tf_lichcrusades_v2.zip","F:\stuff from desktop\URPG - RPG Game Maker\itch\archives\tf_lichcrusades_v2.zip","MOVED"
"F:\stuff from desktop\URPG - RPG Game Maker\itch\tf_newworld_chartiles_3x.png","F:\stuff from desktop\URPG - RPG Game Maker\imports\raw\itch_assets\loose\tf_newworld_chartiles_3x.png","MOVED"
"F:\stuff from desktop\URPG - RPG Game Maker\itch\tf_newworld_drybed_full_3.png","F:\stuff from desktop\URPG - RPG Game Maker\imports\raw\itch_assets\loose\tf_newworld_drybed_full_3.png","MOVED"
"F:\stuff from desktop\URPG - RPG Game Maker\itch\tf_newworld_drybedaut_3o.png","F:\stuff from desktop\URPG - RPG Game Maker\imports\raw\itch_assets\loose\tf_newworld_drybedaut_3o.png","MOVED"
"F:\stuff from desktop\URPG - RPG Game Maker\itch\tf_newworld_jungle_3.png","F:\stuff from desktop\URPG - RPG Game Maker\imports\raw\itch_assets\loose\tf_newworld_jungle_3.png","MOVED"
"F:\stuff from desktop\URPG - RPG Game Maker\itch\tf_newworld_RMA1_3x.png","F:\stuff from desktop\URPG - RPG Game Maker\imports\raw\itch_assets\loose\tf_newworld_RMA1_3x.png","MOVED"
"F:\stuff from desktop\URPG - RPG Game Maker\itch\tf_newworld_RMA5_3x.png","F:\stuff from desktop\URPG - RPG Game Maker\imports\raw\itch_assets\loose\tf_newworld_RMA5_3x.png","MOVED"
"F:\stuff from desktop\URPG - RPG Game Maker\itch\tf_newworld_snowforest_addon_3.png","F:\stuff from desktop\URPG - RPG Game Maker\imports\raw\itch_assets\loose\tf_newworld_snowforest_addon_3.png","MOVED"
"F:\stuff from desktop\URPG - RPG Game Maker\itch\tf_newworld_terrain_100.png","F:\stuff from desktop\URPG - RPG Game Maker\imports\raw\itch_assets\loose\tf_newworld_terrain_100.png","MOVED"
"F:\stuff from desktop\URPG - RPG Game Maker\itch\tf_newworld_treesaddon_B_3.png","F:\stuff from desktop\URPG - RPG Game Maker\imports\raw\itch_assets\loose\tf_newworld_treesaddon_B_3.png","MOVED"
"F:\stuff from desktop\URPG - RPG Game Maker\itch\tf_newworld_treesauto_3.png","F:\stuff from desktop\URPG - RPG Game Maker\imports\raw\itch_assets\loose\tf_newworld_treesauto_3.png","MOVED"
"F:\stuff from desktop\URPG - RPG Game Maker\itch\tf_newworld_wateredgetransition_3.png","F:\stuff from desktop\URPG - RPG Game Maker\imports\raw\itch_assets\loose\tf_newworld_wateredgetransition_3.png","MOVED"
"F:\stuff from desktop\URPG - RPG Game Maker\itch\tf_ruindungeons.zip","F:\stuff from desktop\URPG - RPG Game Maker\itch\archives\tf_ruindungeons.zip","MOVED"
"F:\stuff from desktop\URPG - RPG Game Maker\itch\tf_steampunk_complete.zip","F:\stuff from desktop\URPG - RPG Game Maker\itch\archives\tf_steampunk_complete.zip","MOVED"
"F:\stuff from desktop\URPG - RPG Game Maker\itch\tf_swimbase_single_3.png","F:\stuff from desktop\URPG - RPG Game Maker\imports\raw\itch_assets\loose\tf_swimbase_single_3.png","MOVED"
"F:\stuff from desktop\URPG - RPG Game Maker\itch\tf4diratkbase_frames.zip","F:\stuff from desktop\URPG - RPG Game Maker\itch\archives\tf4diratkbase_frames.zip","MOVED"
"F:\stuff from desktop\URPG - RPG Game Maker\itch\tf4diratkbase_sheets.zip","F:\stuff from desktop\URPG - RPG Game Maker\itch\archives\tf4diratkbase_sheets.zip","MOVED"
"F:\stuff from desktop\URPG - RPG Game Maker\itch\tf4shootbase.zip","F:\stuff from desktop\URPG - RPG Game Maker\itch\archives\tf4shootbase.zip","MOVED"
"F:\stuff from desktop\URPG - RPG Game Maker\itch\tfshowers_3.png","F:\stuff from desktop\URPG - RPG Game Maker\imports\raw\itch_assets\loose\tfshowers_3.png","MOVED"
"F:\stuff from desktop\URPG - RPG Game Maker\itch\the-top-down-undead-land-objects-pixel-art.zip","F:\stuff from desktop\URPG - RPG Game Maker\itch\archives\the-top-down-undead-land-objects-pixel-art.zip","MOVED"
"F:\stuff from desktop\URPG - RPG Game Maker\itch\thesexupdate_3.png","F:\stuff from desktop\URPG - RPG Game Maker\imports\raw\itch_assets\loose\thesexupdate_3.png","MOVED"
"F:\stuff from desktop\URPG - RPG Game Maker\itch\tileA5_world_3_new.png","F:\stuff from desktop\URPG - RPG Game Maker\imports\raw\itch_assets\loose\tileA5_world_3_new.png","MOVED"
"F:\stuff from desktop\URPG - RPG Game Maker\itch\tileB_interior_extras_3.png","F:\stuff from desktop\URPG - RPG Game Maker\imports\raw\itch_assets\loose\tileB_interior_extras_3.png","MOVED"
"F:\stuff from desktop\URPG - RPG Game Maker\itch\tileB_world_3_new.png","F:\stuff from desktop\URPG - RPG Game Maker\imports\raw\itch_assets\loose\tileB_world_3_new.png","MOVED"
"F:\stuff from desktop\URPG - RPG Game Maker\itch\tileB_world_extras_3.png","F:\stuff from desktop\URPG - RPG Game Maker\imports\raw\itch_assets\loose\tileB_world_extras_3.png","MOVED"
"F:\stuff from desktop\URPG - RPG Game Maker\itch\tileB_world_extras_upd2_3.png","F:\stuff from desktop\URPG - RPG Game Maker\imports\raw\itch_assets\loose\tileB_world_extras_upd2_3.png","MOVED"
"F:\stuff from desktop\URPG - RPG Game Maker\itch\tiles_fourseasons.zip","F:\stuff from desktop\URPG - RPG Game Maker\itch\archives\tiles_fourseasons.zip","MOVED"
"F:\stuff from desktop\URPG - RPG Game Maker\itch\tiles_tower_3.png","F:\stuff from desktop\URPG - RPG Game Maker\imports\raw\itch_assets\loose\tiles_tower_3.png","MOVED"
"F:\stuff from desktop\URPG - RPG Game Maker\itch\Time_Elements_2.0.zip","F:\stuff from desktop\URPG - RPG Game Maker\itch\archives\Time_Elements_2.0.zip","MOVED"
"F:\stuff from desktop\URPG - RPG Game Maker\itch\TimeFantasy_Winter.zip","F:\stuff from desktop\URPG - RPG Game Maker\itch\archives\TimeFantasy_Winter.zip","MOVED"
"F:\stuff from desktop\URPG - RPG Game Maker\itch\tool_hammer_3.png","F:\stuff from desktop\URPG - RPG Game Maker\imports\raw\itch_assets\loose\tool_hammer_3.png","MOVED"
"F:\stuff from desktop\URPG - RPG Game Maker\itch\tool_hoe_3.png","F:\stuff from desktop\URPG - RPG Game Maker\imports\raw\itch_assets\loose\tool_hoe_3.png","MOVED"
"F:\stuff from desktop\URPG - RPG Game Maker\itch\tool_net_3.png","F:\stuff from desktop\URPG - RPG Game Maker\imports\raw\itch_assets\loose\tool_net_3.png","MOVED"
"F:\stuff from desktop\URPG - RPG Game Maker\itch\tool_scythe_3.png","F:\stuff from desktop\URPG - RPG Game Maker\imports\raw\itch_assets\loose\tool_scythe_3.png","MOVED"
"F:\stuff from desktop\URPG - RPG Game Maker\itch\tool_watering_3.png","F:\stuff from desktop\URPG - RPG Game Maker\imports\raw\itch_assets\loose\tool_watering_3.png","MOVED"
"F:\stuff from desktop\URPG - RPG Game Maker\itch\tower_fire_3.png","F:\stuff from desktop\URPG - RPG Game Maker\imports\raw\itch_assets\loose\tower_fire_3.png","MOVED"
"F:\stuff from desktop\URPG - RPG Game Maker\itch\tower_fire_nobg_3.png","F:\stuff from desktop\URPG - RPG Game Maker\imports\raw\itch_assets\loose\tower_fire_nobg_3.png","MOVED"
"F:\stuff from desktop\URPG - RPG Game Maker\itch\train-updated_bsheet_3.png","F:\stuff from desktop\URPG - RPG Game Maker\imports\raw\itch_assets\loose\train-updated_bsheet_3.png","MOVED"
"F:\stuff from desktop\URPG - RPG Game Maker\itch\try_this_raindrop_3x.png","F:\stuff from desktop\URPG - RPG Game Maker\imports\raw\itch_assets\loose\try_this_raindrop_3x.png","MOVED"
"F:\stuff from desktop\URPG - RPG Game Maker\itch\tyw_monster1_3.png","F:\stuff from desktop\URPG - RPG Game Maker\imports\raw\itch_assets\loose\tyw_monster1_3.png","MOVED"
"F:\stuff from desktop\URPG - RPG Game Maker\itch\ultint_oven1a_3x.png","F:\stuff from desktop\URPG - RPG Game Maker\imports\raw\itch_assets\loose\ultint_oven1a_3x.png","MOVED"
"F:\stuff from desktop\URPG - RPG Game Maker\itch\ultint_oven1b_3x.png","F:\stuff from desktop\URPG - RPG Game Maker\imports\raw\itch_assets\loose\ultint_oven1b_3x.png","MOVED"
"F:\stuff from desktop\URPG - RPG Game Maker\itch\ultint_oven2a_3x.png","F:\stuff from desktop\URPG - RPG Game Maker\imports\raw\itch_assets\loose\ultint_oven2a_3x.png","MOVED"
"F:\stuff from desktop\URPG - RPG Game Maker\itch\ultint_oven2b_3x.png","F:\stuff from desktop\URPG - RPG Game Maker\imports\raw\itch_assets\loose\ultint_oven2b_3x.png","MOVED"
"F:\stuff from desktop\URPG - RPG Game Maker\itch\ultint_tileB_kitchen_3.png","F:\stuff from desktop\URPG - RPG Game Maker\imports\raw\itch_assets\loose\ultint_tileB_kitchen_3.png","MOVED"
"F:\stuff from desktop\URPG - RPG Game Maker\itch\ultint_tileC_kitchen_3.png","F:\stuff from desktop\URPG - RPG Game Maker\imports\raw\itch_assets\loose\ultint_tileC_kitchen_3.png","MOVED"
"F:\stuff from desktop\URPG - RPG Game Maker\itch\uppertileset_mv.png","F:\stuff from desktop\URPG - RPG Game Maker\imports\raw\itch_assets\loose\uppertileset_mv.png","MOVED"
"F:\stuff from desktop\URPG - RPG Game Maker\itch\vamps_8_3.png","F:\stuff from desktop\URPG - RPG Game Maker\imports\raw\itch_assets\loose\vamps_8_3.png","MOVED"
"F:\stuff from desktop\URPG - RPG Game Maker\itch\vault_door_3.png","F:\stuff from desktop\URPG - RPG Game Maker\imports\raw\itch_assets\loose\vault_door_3.png","MOVED"
"F:\stuff from desktop\URPG - RPG Game Maker\itch\veildancers_1_3x.png","F:\stuff from desktop\URPG - RPG Game Maker\imports\raw\itch_assets\loose\veildancers_1_3x.png","MOVED"
"F:\stuff from desktop\URPG - RPG Game Maker\itch\wagons_world_3.png","F:\stuff from desktop\URPG - RPG Game Maker\imports\raw\itch_assets\loose\wagons_world_3.png","MOVED"
"F:\stuff from desktop\URPG - RPG Game Maker\itch\walltopperslaps_A4_3.png","F:\stuff from desktop\URPG - RPG Game Maker\imports\raw\itch_assets\loose\walltopperslaps_A4_3.png","MOVED"
"F:\stuff from desktop\URPG - RPG Game Maker\itch\wand1.zip","F:\stuff from desktop\URPG - RPG Game Maker\itch\archives\wand1.zip","MOVED"
"F:\stuff from desktop\URPG - RPG Game Maker\itch\warden_3.png","F:\stuff from desktop\URPG - RPG Game Maker\imports\raw\itch_assets\loose\warden_3.png","MOVED"
"F:\stuff from desktop\URPG - RPG Game Maker\itch\warelementals_f_3.png","F:\stuff from desktop\URPG - RPG Game Maker\imports\raw\itch_assets\loose\warelementals_f_3.png","MOVED"
"F:\stuff from desktop\URPG - RPG Game Maker\itch\Weather Effects Assets Pack Pixel Art.zip","F:\stuff from desktop\URPG - RPG Game Maker\itch\archives\Weather Effects Assets Pack Pixel Art.zip","MOVED"
"F:\stuff from desktop\URPG - RPG Game Maker\itch\westerndoors_3.png","F:\stuff from desktop\URPG - RPG Game Maker\imports\raw\itch_assets\loose\westerndoors_3.png","MOVED"
"F:\stuff from desktop\URPG - RPG Game Maker\itch\westerndoorsB_3.png","F:\stuff from desktop\URPG - RPG Game Maker\imports\raw\itch_assets\loose\westerndoorsB_3.png","MOVED"
"F:\stuff from desktop\URPG - RPG Game Maker\itch\westerntown_sheetA_3x.png","F:\stuff from desktop\URPG - RPG Game Maker\imports\raw\itch_assets\loose\westerntown_sheetA_3x.png","MOVED"
"F:\stuff from desktop\URPG - RPG Game Maker\itch\westerntown_sheetB_3x.png","F:\stuff from desktop\URPG - RPG Game Maker\imports\raw\itch_assets\loose\westerntown_sheetB_3x.png","MOVED"
"F:\stuff from desktop\URPG - RPG Game Maker\itch\westerntown_sheetC_3x.png","F:\stuff from desktop\URPG - RPG Game Maker\imports\raw\itch_assets\loose\westerntown_sheetC_3x.png","MOVED"
"F:\stuff from desktop\URPG - RPG Game Maker\itch\westerntowntiles_3.png","F:\stuff from desktop\URPG - RPG Game Maker\imports\raw\itch_assets\loose\westerntowntiles_3.png","MOVED"
"F:\stuff from desktop\URPG - RPG Game Maker\itch\whirlpool_16_TFA_3x.png","F:\stuff from desktop\URPG - RPG Game Maker\imports\raw\itch_assets\loose\whirlpool_16_TFA_3x.png","MOVED"
"F:\stuff from desktop\URPG - RPG Game Maker\itch\whirlpool_16_TFB_3x.png","F:\stuff from desktop\URPG - RPG Game Maker\imports\raw\itch_assets\loose\whirlpool_16_TFB_3x.png","MOVED"
"F:\stuff from desktop\URPG - RPG Game Maker\itch\whirlpool_16_TFD_3x.png","F:\stuff from desktop\URPG - RPG Game Maker\imports\raw\itch_assets\loose\whirlpool_16_TFD_3x.png","MOVED"
"F:\stuff from desktop\URPG - RPG Game Maker\itch\whirlpool_32_TFA_3x.png","F:\stuff from desktop\URPG - RPG Game Maker\imports\raw\itch_assets\loose\whirlpool_32_TFA_3x.png","MOVED"
"F:\stuff from desktop\URPG - RPG Game Maker\itch\whirlpool_32_TFB_3x.png","F:\stuff from desktop\URPG - RPG Game Maker\imports\raw\itch_assets\loose\whirlpool_32_TFB_3x.png","MOVED"
"F:\stuff from desktop\URPG - RPG Game Maker\itch\whirlpool_32_TFD_3x.png","F:\stuff from desktop\URPG - RPG Game Maker\imports\raw\itch_assets\loose\whirlpool_32_TFD_3x.png","MOVED"
"F:\stuff from desktop\URPG - RPG Game Maker\itch\Wild_Monster_Pack_BattleInkMaps.zip","F:\stuff from desktop\URPG - RPG Game Maker\itch\archives\Wild_Monster_Pack_BattleInkMaps.zip","MOVED"
"F:\stuff from desktop\URPG - RPG Game Maker\itch\wisps_blue_RMMV.png","F:\stuff from desktop\URPG - RPG Game Maker\imports\raw\itch_assets\loose\wisps_blue_RMMV.png","MOVED"
"F:\stuff from desktop\URPG - RPG Game Maker\itch\wisps_green_RMMV.png","F:\stuff from desktop\URPG - RPG Game Maker\imports\raw\itch_assets\loose\wisps_green_RMMV.png","MOVED"
"F:\stuff from desktop\URPG - RPG Game Maker\itch\wisps_pink_RMMV.png","F:\stuff from desktop\URPG - RPG Game Maker\imports\raw\itch_assets\loose\wisps_pink_RMMV.png","MOVED"
"F:\stuff from desktop\URPG - RPG Game Maker\itch\witch1_3.png","F:\stuff from desktop\URPG - RPG Game Maker\imports\raw\itch_assets\loose\witch1_3.png","MOVED"
"F:\stuff from desktop\URPG - RPG Game Maker\itch\witch1_cauldron_3.png","F:\stuff from desktop\URPG - RPG Game Maker\imports\raw\itch_assets\loose\witch1_cauldron_3.png","MOVED"
"F:\stuff from desktop\URPG - RPG Game Maker\itch\witch2_3.png","F:\stuff from desktop\URPG - RPG Game Maker\imports\raw\itch_assets\loose\witch2_3.png","MOVED"
"F:\stuff from desktop\URPG - RPG Game Maker\itch\witch2_cauldron_3.png","F:\stuff from desktop\URPG - RPG Game Maker\imports\raw\itch_assets\loose\witch2_cauldron_3.png","MOVED"
"F:\stuff from desktop\URPG - RPG Game Maker\itch\witchtiles_3.png","F:\stuff from desktop\URPG - RPG Game Maker\imports\raw\itch_assets\loose\witchtiles_3.png","MOVED"
"F:\stuff from desktop\URPG - RPG Game Maker\itch\wizardworkshop3.png","F:\stuff from desktop\URPG - RPG Game Maker\imports\raw\itch_assets\loose\wizardworkshop3.png","MOVED"
"F:\stuff from desktop\URPG - RPG Game Maker\itch\wolf_down.png","F:\stuff from desktop\URPG - RPG Game Maker\imports\raw\itch_assets\loose\wolf_down.png","MOVED"
"F:\stuff from desktop\URPG - RPG Game Maker\itch\wolfpack_9.27.21.zip","F:\stuff from desktop\URPG - RPG Game Maker\itch\archives\wolfpack_9.27.21.zip","MOVED"
"F:\stuff from desktop\URPG - RPG Game Maker\itch\woodbridge_tileset_3.png","F:\stuff from desktop\URPG - RPG Game Maker\imports\raw\itch_assets\loose\woodbridge_tileset_3.png","MOVED"
"F:\stuff from desktop\URPG - RPG Game Maker\itch\world_addon_treeatlantis_1.png","F:\stuff from desktop\URPG - RPG Game Maker\imports\raw\itch_assets\loose\world_addon_treeatlantis_1.png","MOVED"
"F:\stuff from desktop\URPG - RPG Game Maker\itch\world_ruinsA_3.png","F:\stuff from desktop\URPG - RPG Game Maker\imports\raw\itch_assets\loose\world_ruinsA_3.png","MOVED"
"F:\stuff from desktop\URPG - RPG Game Maker\itch\world_ruinsB_3.png","F:\stuff from desktop\URPG - RPG Game Maker\imports\raw\itch_assets\loose\world_ruinsB_3.png","MOVED"
"F:\stuff from desktop\URPG - RPG Game Maker\itch\world_ruinsC_3.png","F:\stuff from desktop\URPG - RPG Game Maker\imports\raw\itch_assets\loose\world_ruinsC_3.png","MOVED"
"F:\stuff from desktop\URPG - RPG Game Maker\itch\world_traintracks_3.png","F:\stuff from desktop\URPG - RPG Game Maker\imports\raw\itch_assets\loose\world_traintracks_3.png","MOVED"
"F:\stuff from desktop\URPG - RPG Game Maker\itch\world-canyonaddon_3.png","F:\stuff from desktop\URPG - RPG Game Maker\imports\raw\itch_assets\loose\world-canyonaddon_3.png","MOVED"
"F:\stuff from desktop\URPG - RPG Game Maker\itch\world-chocotiles_3.png","F:\stuff from desktop\URPG - RPG Game Maker\imports\raw\itch_assets\loose\world-chocotiles_3.png","MOVED"
"F:\stuff from desktop\URPG - RPG Game Maker\itch\worldhorses_3.png","F:\stuff from desktop\URPG - RPG Game Maker\imports\raw\itch_assets\loose\worldhorses_3.png","MOVED"
"F:\stuff from desktop\URPG - RPG Game Maker\itch\worldhoses_wagon_3.png","F:\stuff from desktop\URPG - RPG Game Maker\imports\raw\itch_assets\loose\worldhoses_wagon_3.png","MOVED"
"F:\stuff from desktop\URPG - RPG Game Maker\itch\worldmap_B_japan_treeatlantis_3.png","F:\stuff from desktop\URPG - RPG Game Maker\imports\raw\itch_assets\loose\worldmap_B_japan_treeatlantis_3.png","MOVED"
"F:\stuff from desktop\URPG - RPG Game Maker\itch\worldmap_japan_addon_3.png","F:\stuff from desktop\URPG - RPG Game Maker\imports\raw\itch_assets\loose\worldmap_japan_addon_3.png","MOVED"
"F:\stuff from desktop\URPG - RPG Game Maker\itch\worldmap_path_diagonaladdon_3.png","F:\stuff from desktop\URPG - RPG Game Maker\imports\raw\itch_assets\loose\worldmap_path_diagonaladdon_3.png","MOVED"
"F:\stuff from desktop\URPG - RPG Game Maker\itch\worldmap-brokenbridges-3.png","F:\stuff from desktop\URPG - RPG Game Maker\imports\raw\itch_assets\loose\worldmap-brokenbridges-3.png","MOVED"
"F:\stuff from desktop\URPG - RPG Game Maker\itch\worldmaptowns_extras_3.png","F:\stuff from desktop\URPG - RPG Game Maker\imports\raw\itch_assets\loose\worldmaptowns_extras_3.png","MOVED"
"F:\stuff from desktop\URPG - RPG Game Maker\itch\worldmini_dwarf_3.png","F:\stuff from desktop\URPG - RPG Game Maker\imports\raw\itch_assets\loose\worldmini_dwarf_3.png","MOVED"
"F:\stuff from desktop\URPG - RPG Game Maker\itch\worldmini_elf_3.png","F:\stuff from desktop\URPG - RPG Game Maker\imports\raw\itch_assets\loose\worldmini_elf_3.png","MOVED"
"F:\stuff from desktop\URPG - RPG Game Maker\itch\wotf_hero_3.png","F:\stuff from desktop\URPG - RPG Game Maker\imports\raw\itch_assets\loose\wotf_hero_3.png","MOVED"
"F:\stuff from desktop\URPG - RPG Game Maker\itch\wring_e_3.png","F:\stuff from desktop\URPG - RPG Game Maker\imports\raw\itch_assets\loose\wring_e_3.png","MOVED"
"F:\stuff from desktop\URPG - RPG Game Maker\itch\wring_tf_3.png","F:\stuff from desktop\URPG - RPG Game Maker\imports\raw\itch_assets\loose\wring_tf_3.png","MOVED"
"F:\stuff from desktop\URPG - RPG Game Maker\itch\wyvern_single_green_3.png","F:\stuff from desktop\URPG - RPG Game Maker\imports\raw\itch_assets\loose\wyvern_single_green_3.png","MOVED"
"F:\stuff from desktop\URPG - RPG Game Maker\itch\wyvern_single_green_shadow_3.png","F:\stuff from desktop\URPG - RPG Game Maker\imports\raw\itch_assets\loose\wyvern_single_green_shadow_3.png","MOVED"
"F:\stuff from desktop\URPG - RPG Game Maker\itch\wyvern_single_red_3.png","F:\stuff from desktop\URPG - RPG Game Maker\imports\raw\itch_assets\loose\wyvern_single_red_3.png","MOVED"
"F:\stuff from desktop\URPG - RPG Game Maker\itch\wyvern_single_red_shadow_3.png","F:\stuff from desktop\URPG - RPG Game Maker\imports\raw\itch_assets\loose\wyvern_single_red_shadow_3.png","MOVED"
"F:\stuff from desktop\URPG - RPG Game Maker\itch\xmodern_1.8.26.zip","F:\stuff from desktop\URPG - RPG Game Maker\itch\archives\xmodern_1.8.26.zip","MOVED"
"F:\stuff from desktop\URPG - RPG Game Maker\itch\zcliffs_3.png","F:\stuff from desktop\URPG - RPG Game Maker\imports\raw\itch_assets\loose\zcliffs_3.png","MOVED"
